sample_id,tokenizer,token_count,decode_match,token_ids,tokens,decoded_text,ids_match_hf,average_sequence_length,compression_ratio
1,character,534,True,"[15, 36, 44, 45, 46, 1, 12, 36, 46, 36, 51, 32, 41, 7, 0, 26, 32, 1, 28, 44, 32, 1, 28, 30, 30, 42, 47, 41, 46, 32, 31, 1, 43, 42, 42, 44, 1, 30, 36, 46, 36, 51, 32, 41, 45, 4, 1, 46, 35, 32, 1, 43, 28, 46, 44, 36, 30, 36, 28, 41, 45, 1, 34, 42, 42, 31, 6, 0, 26, 35, 28, 46, 1, 28, 47, 46, 35, 42, 44, 36, 46, 50, 1, 45, 47, 44, 33, 32, 36, 46, 45, 1, 42, 41, 1, 49, 42, 47, 39, 31, 1, 44, 32, 39, 36, 32, 48, 32, 1, 47, 45, 7, 1, 36, 33, 1, 46, 35, 32, 50, 0, 49, 42, 47, 39, 31, 1, 50, 36, 32, 39, 31, 1, 47, 45, 1, 29, 47, 46, 1, 46, 35, 32, 1, 45, 47, 43, 32, 44, 33, 39, 47, 36, 46, 50, 4, 1, 49, 35, 36, 39, 32, 1, 36, 46, 1, 49, 32, 44, 32, 0, 49, 35, 42, 39, 32, 45, 42, 40, 32, 4, 1, 49, 32, 1, 40, 36, 34, 35, 46, 1, 34, 47, 32, 45, 45, 1, 46, 35, 32, 50, 1, 44, 32, 39, 36, 32, 48, 32, 31, 1, 47, 45, 1, 35, 47, 40, 28, 41, 32, 39, 50, 8, 0, 29, 47, 46, 1, 46, 35, 32, 50, 1, 46, 35, 36, 41, 38, 1, 49, 32, 1, 28, 44, 32, 1, 46, 42, 42, 1, 31, 32, 28, 44, 7, 1, 46, 35, 32, 1, 39, 32, 28, 41, 41, 32, 45, 45, 1, 46, 35, 28, 46, 0, 28, 33, 33, 39, 36, 30, 46, 45, 1, 47, 45, 4, 1, 46, 35, 32, 1, 42, 29, 37, 32, 30, 46, 1, 42, 33, 1, 42, 47, 44, 1, 40, 36, 45, 32, 44, 50, 4, 1, 36, 45, 1, 28, 45, 1, 28, 41, 0, 36, 41, 48, 32, 41, 46, 42, 44, 50, 1, 46, 42, 1, 43, 28, 44, 46, 36, 30, 47, 39, 28, 44, 36, 45, 32, 1, 46, 35, 32, 36, 44, 1, 28, 29, 47, 41, 31, 28, 41, 30, 32, 8, 1, 42, 47, 44, 0, 45, 47, 33, 33, 32, 44, 28, 41, 30, 32, 1, 36, 45, 1, 28, 1, 34, 28, 36, 41, 1, 46, 42, 1, 46, 35, 32, 40, 1, 18, 32, 46, 1, 47, 45, 1, 44, 32, 48, 32, 41, 34, 32, 1, 46, 35, 36, 45, 1, 49, 36, 46, 35, 0, 42, 47, 44, 1, 43, 36, 38, 32, 45, 4, 1, 32, 44, 32, 1, 49, 32, 1, 29, 32, 30, 42, 40, 32, 1, 44, 28, 38, 32, 45, 7, 1, 33, 42, 44, 1, 46, 35, 32, 1, 34, 42, 31, 45, 1, 38, 41, 42, 49, 1, 17, 0, 45, 43, 32, 28, 38, 1, 46, 35, 36, 45, 1, 36, 41, 1, 35, 47, 41, 34, 32, 44, 1, 33, 42, 44, 1, 29, 44, 32, 28, 31, 4, 1, 41, 42, 46, 1, 36, 41, 1, 46, 35, 36, 44, 45, 46, 1, 33, 42, 44, 1, 44, 32, 48, 32, 41, 34, 32, 6]","['F', 'i', 'r', 's', 't', ' ', 'C', 'i', 't', 'i', 'z', 'e', 'n', ':', '\n', 'W', 'e', ' ', 'a', 'r', 'e', ' ', 'a', 'c', 'c', 'o', 'u', 'n', 't', 'e', 'd', ' ', 'p', 'o', 'o', 'r', ' ', 'c', 'i', 't', 'i', 'z', 'e', 'n', 's', ',', ' ', 't', 'h', 'e', ' ', 'p', 'a', 't', 'r', 'i', 'c', 'i', 'a', 'n', 's', ' ', 'g', 'o', 'o', 'd', '.', '\n', 'W', 'h', 'a', 't', ' ', 'a', 'u', 't', 'h', 'o', 'r', 'i', 't', 'y', ' ', 's', 'u', 'r', 'f', 'e', 'i', 't', 's', ' ', 'o', 'n', ' ', 'w', 'o', 'u', 'l', 'd', ' ', 'r', 'e', 'l', 'i', 'e', 'v', 'e', ' ', 'u', 's', ':', ' ', 'i', 'f', ' ', 't', 'h', 'e', 'y', '\n', 'w', 'o', 'u', 'l', 'd', ' ', 'y', 'i', 'e', 'l', 'd', ' ', 'u', 's', ' ', 'b', 'u', 't', ' ', 't', 'h', 'e', ' ', 's', 'u', 'p', 'e', 'r', 'f', 'l', 'u', 'i', 't', 'y', ',', ' ', 'w', 'h', 'i', 'l', 'e', ' ', 'i', 't', ' ', 'w', 'e', 'r', 'e', '\n', 'w', 'h', 'o', 'l', 'e', 's', 'o', 'm', 'e', ',', ' ', 'w', 'e', ' ', 'm', 'i', 'g', 'h', 't', ' ', 'g', 'u', 'e', 's', 's', ' ', 't', 'h', 'e', 'y', ' ', 'r', 'e', 'l', 'i', 'e', 'v', 'e', 'd', ' ', 'u', 's', ' ', 'h', 'u', 'm', 'a', 'n', 'e', 'l', 'y', ';', '\n', 'b', 'u', 't', ' ', 't', 'h', 'e', 'y', ' ', 't', 'h', 'i', 'n', 'k', ' ', 'w', 'e', ' ', 'a', 'r', 'e', ' ', 't', 'o', 'o', ' ', 'd', 'e', 'a', 'r', ':', ' ', 't', 'h', 'e', ' ', 'l', 'e', 'a', 'n', 'n', 'e', 's', 's', ' ', 't', 'h', 'a', 't', '\n', 'a', 'f', 'f', 'l', 'i', 'c', 't', 's', ' ', 'u', 's', ',', ' ', 't', 'h', 'e', ' ', 'o', 'b', 'j', 'e', 'c', 't', ' ', 'o', 'f', ' ', 'o', 'u', 'r', ' ', 'm', 'i', 's', 'e', 'r', 'y', ',', ' ', 'i', 's', ' ', 'a', 's', ' ', 'a', 'n', '\n', 'i', 'n', 'v', 'e', 'n', 't', 'o', 'r', 'y', ' ', 't', 'o', ' ', 'p', 'a', 'r', 't', 'i', 'c', 'u', 'l', 'a', 'r', 'i', 's', 'e', ' ', 't', 'h', 'e', 'i', 'r', ' ', 'a', 'b', 'u', 'n', 'd', 'a', 'n', 'c', 'e', ';', ' ', 'o', 'u', 'r', '\n', 's', 'u', 'f', 'f', 'e', 'r', 'a', 'n', 'c', 'e', ' ', 'i', 's', ' ', 'a', ' ', 'g', 'a', 'i', 'n', ' ', 't', 'o', ' ', 't', 'h', 'e', 'm', ' ', 'L', 'e', 't', ' ', 'u', 's', ' ', 'r', 'e', 'v', 'e', 'n', 'g', 'e', ' ', 't', 'h', 'i', 's', ' ', 'w', 'i', 't', 'h', '\n', 'o', 'u', 'r', ' ', 'p', 'i', 'k', 'e', 's', ',', ' ', 'e', 'r', 'e', ' ', 'w', 'e', ' ', 'b', 'e', 'c', 'o', 'm', 'e', ' ', 'r', 'a', 'k', 'e', 's', ':', ' ', 'f', 'o', 'r', ' ', 't', 'h', 'e', ' ', 'g', 'o', 'd', 's', ' ', 'k', 'n', 'o', 'w', ' ', 'I', '\n', 's', 'p', 'e', 'a', 'k', ' ', 't', 'h', 'i', 's', ' ', 'i', 'n', ' ', 'h', 'u', 'n', 'g', 'e', 'r', ' ', 'f', 'o', 'r', ' ', 'b', 'r', 'e', 'a', 'd', ',', ' ', 'n', 'o', 't', ' ', 'i', 'n', ' ', 't', 'h', 'i', 'r', 's', 't', ' ', 'f', 'o', 'r', ' ', 'r', 'e', 'v', 'e', 'n', 'g', 'e', '.']","First Citizen:
We are accounted poor citizens, the patricians good.
What authority surfeits on would relieve us: if they
would yield us but the superfluity, while it were
wholesome, we might guess they relieved us humanely;
but they think we are too dear: the leanness that
afflicts us, the object of our misery, is as an
inventory to particularise their abundance; our
sufferance is a gain to them Let us revenge this with
our pikes, ere we become rakes: for the gods know I
speak this in hunger for bread, not in thirst for revenge.",,341.9,1.0
1,tiktoken_gpt2,136,True,"[5962, 22307, 25, 198, 1135, 389, 17830, 3595, 4290, 11, 262, 1458, 1173, 1547, 922, 13, 198, 2061, 4934, 969, 5036, 896, 319, 561, 26958, 514, 25, 611, 484, 198, 19188, 7800, 514, 475, 262, 48713, 414, 11, 981, 340, 547, 198, 1929, 4316, 462, 11, 356, 1244, 4724, 484, 22598, 514, 31533, 306, 26, 198, 4360, 484, 892, 356, 389, 1165, 13674, 25, 262, 10904, 1108, 326, 198, 2001, 42267, 514, 11, 262, 2134, 286, 674, 24672, 11, 318, 355, 281, 198, 24807, 284, 1948, 786, 511, 20038, 26, 674, 198, 82, 13712, 590, 318, 257, 4461, 284, 606, 3914, 514, 15827, 428, 351, 198, 454, 279, 7938, 11, 304, 260, 356, 1716, 374, 1124, 25, 329, 262, 11858, 760, 314, 198, 47350, 428, 287, 16460, 329, 8509, 11, 407, 287, 24613, 329, 15827, 13]","['First', ' Citizen', ':', '\n', 'We', ' are', ' accounted', ' poor', ' citizens', ',', ' the', ' pat', 'ric', 'ians', ' good', '.', '\n', 'What', ' authority', ' sur', 'fe', 'its', ' on', ' would', ' relieve', ' us', ':', ' if', ' they', '\n', 'would', ' yield', ' us', ' but', ' the', ' superflu', 'ity', ',', ' while', ' it', ' were', '\n', 'wh', 'oles', 'ome', ',', ' we', ' might', ' guess', ' they', ' relieved', ' us', ' humane', 'ly', ';', '\n', 'but', ' they', ' think', ' we', ' are', ' too', ' dear', ':', ' the', ' lean', 'ness', ' that', '\n', 'aff', 'licts', ' us', ',', ' the', ' object', ' of', ' our', ' misery', ',', ' is', ' as', ' an', '\n', 'inventory', ' to', ' particular', 'ise', ' their', ' abundance', ';', ' our', '\n', 's', 'uffer', 'ance', ' is', ' a', ' gain', ' to', ' them', ' Let', ' us', ' revenge', ' this', ' with', '\n', 'our', ' p', 'ikes', ',', ' e', 're', ' we', ' become', ' r', 'akes', ':', ' for', ' the', ' gods', ' know', ' I', '\n', 'speak', ' this', ' in', ' hunger', ' for', ' bread', ',', ' not', ' in', ' thirst', ' for', ' revenge', '.']","First Citizen:
We are accounted poor citizens, the patricians good.
What authority surfeits on would relieve us: if they
would yield us but the superfluity, while it were
wholesome, we might guess they relieved us humanely;
but they think we are too dear: the leanness that
afflicts us, the object of our misery, is as an
inventory to particularise their abundance; our
sufferance is a gain to them Let us revenge this with
our pikes, ere we become rakes: for the gods know I
speak this in hunger for bread, not in thirst for revenge.",,91.6,3.926470588235294
1,hf_gpt2,136,True,"[5962, 22307, 25, 198, 1135, 389, 17830, 3595, 4290, 11, 262, 1458, 1173, 1547, 922, 13, 198, 2061, 4934, 969, 5036, 896, 319, 561, 26958, 514, 25, 611, 484, 198, 19188, 7800, 514, 475, 262, 48713, 414, 11, 981, 340, 547, 198, 1929, 4316, 462, 11, 356, 1244, 4724, 484, 22598, 514, 31533, 306, 26, 198, 4360, 484, 892, 356, 389, 1165, 13674, 25, 262, 10904, 1108, 326, 198, 2001, 42267, 514, 11, 262, 2134, 286, 674, 24672, 11, 318, 355, 281, 198, 24807, 284, 1948, 786, 511, 20038, 26, 674, 198, 82, 13712, 590, 318, 257, 4461, 284, 606, 3914, 514, 15827, 428, 351, 198, 454, 279, 7938, 11, 304, 260, 356, 1716, 374, 1124, 25, 329, 262, 11858, 760, 314, 198, 47350, 428, 287, 16460, 329, 8509, 11, 407, 287, 24613, 329, 15827, 13]","['First', 'ĠCitizen', ':', 'Ċ', 'We', 'Ġare', 'Ġaccounted', 'Ġpoor', 'Ġcitizens', ',', 'Ġthe', 'Ġpat', 'ric', 'ians', 'Ġgood', '.', 'Ċ', 'What', 'Ġauthority', 'Ġsur', 'fe', 'its', 'Ġon', 'Ġwould', 'Ġrelieve', 'Ġus', ':', 'Ġif', 'Ġthey', 'Ċ', 'would', 'Ġyield', 'Ġus', 'Ġbut', 'Ġthe', 'Ġsuperflu', 'ity', ',', 'Ġwhile', 'Ġit', 'Ġwere', 'Ċ', 'wh', 'oles', 'ome', ',', 'Ġwe', 'Ġmight', 'Ġguess', 'Ġthey', 'Ġrelieved', 'Ġus', 'Ġhumane', 'ly', ';', 'Ċ', 'but', 'Ġthey', 'Ġthink', 'Ġwe', 'Ġare', 'Ġtoo', 'Ġdear', ':', 'Ġthe', 'Ġlean', 'ness', 'Ġthat', 'Ċ', 'aff', 'licts', 'Ġus', ',', 'Ġthe', 'Ġobject', 'Ġof', 'Ġour', 'Ġmisery', ',', 'Ġis', 'Ġas', 'Ġan', 'Ċ', 'inventory', 'Ġto', 'Ġparticular', 'ise', 'Ġtheir', 'Ġabundance', ';', 'Ġour', 'Ċ', 's', 'uffer', 'ance', 'Ġis', 'Ġa', 'Ġgain', 'Ġto', 'Ġthem', 'ĠLet', 'Ġus', 'Ġrevenge', 'Ġthis', 'Ġwith', 'Ċ', 'our', 'Ġp', 'ikes', ',', 'Ġe', 're', 'Ġwe', 'Ġbecome', 'Ġr', 'akes', ':', 'Ġfor', 'Ġthe', 'Ġgods', 'Ġknow', 'ĠI', 'Ċ', 'speak', 'Ġthis', 'Ġin', 'Ġhunger', 'Ġfor', 'Ġbread', ',', 'Ġnot', 'Ġin', 'Ġthirst', 'Ġfor', 'Ġrevenge', '.']","First Citizen:
We are accounted poor citizens, the patricians good.
What authority surfeits on would relieve us: if they
would yield us but the superfluity, while it were
wholesome, we might guess they relieved us humanely;
but they think we are too dear: the leanness that
afflicts us, the object of our misery, is as an
inventory to particularise their abundance; our
sufferance is a gain to them Let us revenge this with
our pikes, ere we become rakes: for the gods know I
speak this in hunger for bread, not in thirst for revenge.",True,91.6,3.926470588235294
2,character,260,True,"[15, 36, 44, 45, 46, 1, 12, 36, 46, 36, 51, 32, 41, 7, 0, 17, 1, 45, 28, 50, 1, 47, 41, 46, 42, 1, 50, 42, 47, 4, 1, 49, 35, 28, 46, 1, 35, 32, 1, 35, 28, 46, 35, 1, 31, 42, 41, 32, 1, 33, 28, 40, 42, 47, 45, 39, 50, 4, 1, 35, 32, 1, 31, 36, 31, 0, 36, 46, 1, 46, 42, 1, 46, 35, 28, 46, 1, 32, 41, 31, 7, 1, 46, 35, 42, 47, 34, 35, 1, 45, 42, 33, 46, 5, 30, 42, 41, 45, 30, 36, 32, 41, 30, 32, 31, 1, 40, 32, 41, 1, 30, 28, 41, 1, 29, 32, 0, 30, 42, 41, 46, 32, 41, 46, 1, 46, 42, 1, 45, 28, 50, 1, 36, 46, 1, 49, 28, 45, 1, 33, 42, 44, 1, 35, 36, 45, 1, 30, 42, 47, 41, 46, 44, 50, 1, 35, 32, 1, 31, 36, 31, 1, 36, 46, 1, 46, 42, 0, 43, 39, 32, 28, 45, 32, 1, 35, 36, 45, 1, 40, 42, 46, 35, 32, 44, 1, 28, 41, 31, 1, 46, 42, 1, 29, 32, 1, 43, 28, 44, 46, 39, 50, 1, 43, 44, 42, 47, 31, 8, 1, 49, 35, 36, 30, 35, 1, 35, 32, 0, 36, 45, 4, 1, 32, 48, 32, 41, 1, 46, 36, 39, 39, 1, 46, 35, 32, 1, 28, 39, 46, 36, 46, 47, 31, 32, 1, 42, 33, 1, 35, 36, 45, 1, 48, 36, 44, 46, 47, 32, 6]","['F', 'i', 'r', 's', 't', ' ', 'C', 'i', 't', 'i', 'z', 'e', 'n', ':', '\n', 'I', ' ', 's', 'a', 'y', ' ', 'u', 'n', 't', 'o', ' ', 'y', 'o', 'u', ',', ' ', 'w', 'h', 'a', 't', ' ', 'h', 'e', ' ', 'h', 'a', 't', 'h', ' ', 'd', 'o', 'n', 'e', ' ', 'f', 'a', 'm', 'o', 'u', 's', 'l', 'y', ',', ' ', 'h', 'e', ' ', 'd', 'i', 'd', '\n', 'i', 't', ' ', 't', 'o', ' ', 't', 'h', 'a', 't', ' ', 'e', 'n', 'd', ':', ' ', 't', 'h', 'o', 'u', 'g', 'h', ' ', 's', 'o', 'f', 't', '-', 'c', 'o', 'n', 's', 'c', 'i', 'e', 'n', 'c', 'e', 'd', ' ', 'm', 'e', 'n', ' ', 'c', 'a', 'n', ' ', 'b', 'e', '\n', 'c', 'o', 'n', 't', 'e', 'n', 't', ' ', 't', 'o', ' ', 's', 'a', 'y', ' ', 'i', 't', ' ', 'w', 'a', 's', ' ', 'f', 'o', 'r', ' ', 'h', 'i', 's', ' ', 'c', 'o', 'u', 'n', 't', 'r', 'y', ' ', 'h', 'e', ' ', 'd', 'i', 'd', ' ', 'i', 't', ' ', 't', 'o', '\n', 'p', 'l', 'e', 'a', 's', 'e', ' ', 'h', 'i', 's', ' ', 'm', 'o', 't', 'h', 'e', 'r', ' ', 'a', 'n', 'd', ' ', 't', 'o', ' ', 'b', 'e', ' ', 'p', 'a', 'r', 't', 'l', 'y', ' ', 'p', 'r', 'o', 'u', 'd', ';', ' ', 'w', 'h', 'i', 'c', 'h', ' ', 'h', 'e', '\n', 'i', 's', ',', ' ', 'e', 'v', 'e', 'n', ' ', 't', 'i', 'l', 'l', ' ', 't', 'h', 'e', ' ', 'a', 'l', 't', 'i', 't', 'u', 'd', 'e', ' ', 'o', 'f', ' ', 'h', 'i', 's', ' ', 'v', 'i', 'r', 't', 'u', 'e', '.']","First Citizen:
I say unto you, what he hath done famously, he did
it to that end: though soft-conscienced men can be
content to say it was for his country he did it to
please his mother and to be partly proud; which he
is, even till the altitude of his virtue.",,341.9,1.0
2,tiktoken_gpt2,68,True,"[5962, 22307, 25, 198, 40, 910, 12722, 345, 11, 644, 339, 22027, 1760, 20524, 11, 339, 750, 198, 270, 284, 326, 886, 25, 996, 2705, 12, 5936, 979, 5864, 1450, 460, 307, 198, 11299, 284, 910, 340, 373, 329, 465, 1499, 339, 750, 340, 284, 198, 29688, 465, 2802, 290, 284, 307, 11476, 6613, 26, 543, 339, 198, 271, 11, 772, 10597, 262, 20334, 286, 465, 14675, 13]","['First', ' Citizen', ':', '\n', 'I', ' say', ' unto', ' you', ',', ' what', ' he', ' hath', ' done', ' famously', ',', ' he', ' did', '\n', 'it', ' to', ' that', ' end', ':', ' though', ' soft', '-', 'cons', 'ci', 'enced', ' men', ' can', ' be', '\n', 'content', ' to', ' say', ' it', ' was', ' for', ' his', ' country', ' he', ' did', ' it', ' to', '\n', 'please', ' his', ' mother', ' and', ' to', ' be', ' partly', ' proud', ';', ' which', ' he', '\n', 'is', ',', ' even', ' till', ' the', ' altitude', ' of', ' his', ' virtue', '.']","First Citizen:
I say unto you, what he hath done famously, he did
it to that end: though soft-conscienced men can be
content to say it was for his country he did it to
please his mother and to be partly proud; which he
is, even till the altitude of his virtue.",,91.6,3.823529411764706
2,hf_gpt2,68,True,"[5962, 22307, 25, 198, 40, 910, 12722, 345, 11, 644, 339, 22027, 1760, 20524, 11, 339, 750, 198, 270, 284, 326, 886, 25, 996, 2705, 12, 5936, 979, 5864, 1450, 460, 307, 198, 11299, 284, 910, 340, 373, 329, 465, 1499, 339, 750, 340, 284, 198, 29688, 465, 2802, 290, 284, 307, 11476, 6613, 26, 543, 339, 198, 271, 11, 772, 10597, 262, 20334, 286, 465, 14675, 13]","['First', 'ĠCitizen', ':', 'Ċ', 'I', 'Ġsay', 'Ġunto', 'Ġyou', ',', 'Ġwhat', 'Ġhe', 'Ġhath', 'Ġdone', 'Ġfamously', ',', 'Ġhe', 'Ġdid', 'Ċ', 'it', 'Ġto', 'Ġthat', 'Ġend', ':', 'Ġthough', 'Ġsoft', '-', 'cons', 'ci', 'enced', 'Ġmen', 'Ġcan', 'Ġbe', 'Ċ', 'content', 'Ġto', 'Ġsay', 'Ġit', 'Ġwas', 'Ġfor', 'Ġhis', 'Ġcountry', 'Ġhe', 'Ġdid', 'Ġit', 'Ġto', 'Ċ', 'please', 'Ġhis', 'Ġmother', 'Ġand', 'Ġto', 'Ġbe', 'Ġpartly', 'Ġproud', ';', 'Ġwhich', 'Ġhe', 'Ċ', 'is', ',', 'Ġeven', 'Ġtill', 'Ġthe', 'Ġaltitude', 'Ġof', 'Ġhis', 'Ġvirtue', '.']","First Citizen:
I say unto you, what he hath done famously, he did
it to that end: though soft-conscienced men can be
content to say it was for his country he did it to
please his mother and to be partly proud; which he
is, even till the altitude of his virtue.",True,91.6,3.823529411764706
3,character,222,True,"[0, 15, 36, 44, 45, 46, 1, 12, 36, 46, 36, 51, 32, 41, 7, 0, 17, 33, 1, 17, 1, 40, 47, 45, 46, 1, 41, 42, 46, 4, 1, 17, 1, 41, 32, 32, 31, 1, 41, 42, 46, 1, 29, 32, 1, 29, 28, 44, 44, 32, 41, 1, 42, 33, 1, 28, 30, 30, 47, 45, 28, 46, 36, 42, 41, 45, 8, 0, 35, 32, 1, 35, 28, 46, 35, 1, 33, 28, 47, 39, 46, 45, 4, 1, 49, 36, 46, 35, 1, 45, 47, 44, 43, 39, 47, 45, 4, 1, 46, 42, 1, 46, 36, 44, 32, 1, 36, 41, 1, 44, 32, 43, 32, 46, 36, 46, 36, 42, 41, 6, 0, 26, 35, 28, 46, 1, 45, 35, 42, 47, 46, 45, 1, 28, 44, 32, 1, 46, 35, 32, 45, 32, 9, 1, 24, 35, 32, 1, 42, 46, 35, 32, 44, 1, 45, 36, 31, 32, 1, 42, 3, 1, 46, 35, 32, 1, 30, 36, 46, 50, 0, 36, 45, 1, 44, 36, 45, 32, 41, 7, 1, 49, 35, 50, 1, 45, 46, 28, 50, 1, 49, 32, 1, 43, 44, 28, 46, 36, 41, 34, 1, 35, 32, 44, 32, 9, 1, 46, 42, 1, 46, 35, 32, 1, 12, 28, 43, 36, 46, 42, 39, 2]","['\n', 'F', 'i', 'r', 's', 't', ' ', 'C', 'i', 't', 'i', 'z', 'e', 'n', ':', '\n', 'I', 'f', ' ', 'I', ' ', 'm', 'u', 's', 't', ' ', 'n', 'o', 't', ',', ' ', 'I', ' ', 'n', 'e', 'e', 'd', ' ', 'n', 'o', 't', ' ', 'b', 'e', ' ', 'b', 'a', 'r', 'r', 'e', 'n', ' ', 'o', 'f', ' ', 'a', 'c', 'c', 'u', 's', 'a', 't', 'i', 'o', 'n', 's', ';', '\n', 'h', 'e', ' ', 'h', 'a', 't', 'h', ' ', 'f', 'a', 'u', 'l', 't', 's', ',', ' ', 'w', 'i', 't', 'h', ' ', 's', 'u', 'r', 'p', 'l', 'u', 's', ',', ' ', 't', 'o', ' ', 't', 'i', 'r', 'e', ' ', 'i', 'n', ' ', 'r', 'e', 'p', 'e', 't', 'i', 't', 'i', 'o', 'n', '.', '\n', 'W', 'h', 'a', 't', ' ', 's', 'h', 'o', 'u', 't', 's', ' ', 'a', 'r', 'e', ' ', 't', 'h', 'e', 's', 'e', '?', ' ', 'T', 'h', 'e', ' ', 'o', 't', 'h', 'e', 'r', ' ', 's', 'i', 'd', 'e', ' ', 'o', ""'"", ' ', 't', 'h', 'e', ' ', 'c', 'i', 't', 'y', '\n', 'i', 's', ' ', 'r', 'i', 's', 'e', 'n', ':', ' ', 'w', 'h', 'y', ' ', 's', 't', 'a', 'y', ' ', 'w', 'e', ' ', 'p', 'r', 'a', 't', 'i', 'n', 'g', ' ', 'h', 'e', 'r', 'e', '?', ' ', 't', 'o', ' ', 't', 'h', 'e', ' ', 'C', 'a', 'p', 'i', 't', 'o', 'l', '!']","
First Citizen:
If I must not, I need not be barren of accusations;
he hath faults, with surplus, to tire in repetition.
What shouts are these? The other side o' the city
is risen: why stay we prating here? to the Capitol!",,341.9,1.0
3,tiktoken_gpt2,59,True,"[198, 5962, 22307, 25, 198, 1532, 314, 1276, 407, 11, 314, 761, 407, 307, 39497, 286, 14227, 26, 198, 258, 22027, 31025, 11, 351, 18201, 11, 284, 15867, 287, 29693, 13, 198, 2061, 34757, 389, 777, 30, 383, 584, 1735, 267, 6, 262, 1748, 198, 271, 17450, 25, 1521, 2652, 356, 778, 803, 994, 30, 284, 262, 13241, 0]","['\n', 'First', ' Citizen', ':', '\n', 'If', ' I', ' must', ' not', ',', ' I', ' need', ' not', ' be', ' barren', ' of', ' accusations', ';', '\n', 'he', ' hath', ' faults', ',', ' with', ' surplus', ',', ' to', ' tire', ' in', ' repetition', '.', '\n', 'What', ' shouts', ' are', ' these', '?', ' The', ' other', ' side', ' o', ""'"", ' the', ' city', '\n', 'is', ' risen', ':', ' why', ' stay', ' we', ' pr', 'ating', ' here', '?', ' to', ' the', ' Capitol', '!']","
First Citizen:
If I must not, I need not be barren of accusations;
he hath faults, with surplus, to tire in repetition.
What shouts are these? The other side o' the city
is risen: why stay we prating here? to the Capitol!",,91.6,3.76271186440678
3,hf_gpt2,59,True,"[198, 5962, 22307, 25, 198, 1532, 314, 1276, 407, 11, 314, 761, 407, 307, 39497, 286, 14227, 26, 198, 258, 22027, 31025, 11, 351, 18201, 11, 284, 15867, 287, 29693, 13, 198, 2061, 34757, 389, 777, 30, 383, 584, 1735, 267, 6, 262, 1748, 198, 271, 17450, 25, 1521, 2652, 356, 778, 803, 994, 30, 284, 262, 13241, 0]","['Ċ', 'First', 'ĠCitizen', ':', 'Ċ', 'If', 'ĠI', 'Ġmust', 'Ġnot', ',', 'ĠI', 'Ġneed', 'Ġnot', 'Ġbe', 'Ġbarren', 'Ġof', 'Ġaccusations', ';', 'Ċ', 'he', 'Ġhath', 'Ġfaults', ',', 'Ġwith', 'Ġsurplus', ',', 'Ġto', 'Ġtire', 'Ġin', 'Ġrepetition', '.', 'Ċ', 'What', 'Ġshouts', 'Ġare', 'Ġthese', '?', 'ĠThe', 'Ġother', 'Ġside', 'Ġo', ""'"", 'Ġthe', 'Ġcity', 'Ċ', 'is', 'Ġrisen', ':', 'Ġwhy', 'Ġstay', 'Ġwe', 'Ġpr', 'ating', 'Ġhere', '?', 'Ġto', 'Ġthe', 'ĠCapitol', '!']","
First Citizen:
If I must not, I need not be barren of accusations;
he hath faults, with surplus, to tire in repetition.
What shouts are these? The other side o' the city
is risen: why stay we prating here? to the Capitol!",True,91.6,3.76271186440678
4,character,628,True,"[19, 14, 20, 14, 20, 17, 25, 23, 7, 0, 17, 1, 46, 32, 39, 39, 1, 50, 42, 47, 4, 1, 33, 44, 36, 32, 41, 31, 45, 4, 1, 40, 42, 45, 46, 1, 30, 35, 28, 44, 36, 46, 28, 29, 39, 32, 1, 30, 28, 44, 32, 0, 16, 28, 48, 32, 1, 46, 35, 32, 1, 43, 28, 46, 44, 36, 30, 36, 28, 41, 45, 1, 42, 33, 1, 50, 42, 47, 6, 1, 15, 42, 44, 1, 50, 42, 47, 44, 1, 49, 28, 41, 46, 45, 4, 0, 27, 42, 47, 44, 1, 45, 47, 33, 33, 32, 44, 36, 41, 34, 1, 36, 41, 1, 46, 35, 36, 45, 1, 31, 32, 28, 44, 46, 35, 4, 1, 50, 42, 47, 1, 40, 28, 50, 1, 28, 45, 1, 49, 32, 39, 39, 0, 23, 46, 44, 36, 38, 32, 1, 28, 46, 1, 46, 35, 32, 1, 35, 32, 28, 48, 32, 41, 1, 49, 36, 46, 35, 1, 50, 42, 47, 44, 1, 45, 46, 28, 48, 32, 45, 1, 28, 45, 1, 39, 36, 33, 46, 1, 46, 35, 32, 40, 0, 10, 34, 28, 36, 41, 45, 46, 1, 46, 35, 32, 1, 22, 42, 40, 28, 41, 1, 45, 46, 28, 46, 32, 4, 1, 49, 35, 42, 45, 32, 1, 30, 42, 47, 44, 45, 32, 1, 49, 36, 39, 39, 1, 42, 41, 0, 24, 35, 32, 1, 49, 28, 50, 1, 36, 46, 1, 46, 28, 38, 32, 45, 4, 1, 30, 44, 28, 30, 38, 36, 41, 34, 1, 46, 32, 41, 1, 46, 35, 42, 47, 45, 28, 41, 31, 1, 30, 47, 44, 29, 45, 0, 21, 33, 1, 40, 42, 44, 32, 1, 45, 46, 44, 42, 41, 34, 1, 39, 36, 41, 38, 1, 28, 45, 47, 41, 31, 32, 44, 1, 46, 35, 28, 41, 1, 30, 28, 41, 1, 32, 48, 32, 44, 0, 10, 43, 43, 32, 28, 44, 1, 36, 41, 1, 50, 42, 47, 44, 1, 36, 40, 43, 32, 31, 36, 40, 32, 41, 46, 6, 1, 15, 42, 44, 1, 46, 35, 32, 1, 31, 32, 28, 44, 46, 35, 4, 0, 24, 35, 32, 1, 34, 42, 31, 45, 4, 1, 41, 42, 46, 1, 46, 35, 32, 1, 43, 28, 46, 44, 36, 30, 36, 28, 41, 45, 4, 1, 40, 28, 38, 32, 1, 36, 46, 4, 1, 28, 41, 31, 0, 27, 42, 47, 44, 1, 38, 41, 32, 32, 45, 1, 46, 42, 1, 46, 35, 32, 40, 4, 1, 41, 42, 46, 1, 28, 44, 40, 45, 4, 1, 40, 47, 45, 46, 1, 35, 32, 39, 43, 6, 1, 10, 39, 28, 30, 38, 4, 0, 27, 42, 47, 1, 28, 44, 32, 1, 46, 44, 28, 41, 45, 43, 42, 44, 46, 32, 31, 1, 29, 50, 1, 30, 28, 39, 28, 40, 36, 46, 50, 0, 24, 35, 36, 46, 35, 32, 44, 1, 49, 35, 32, 44, 32, 1, 40, 42, 44, 32, 1, 28, 46, 46, 32, 41, 31, 45, 1, 50, 42, 47, 4, 1, 28, 41, 31, 1, 50, 42, 47, 1, 45, 39, 28, 41, 31, 32, 44, 0, 24, 35, 32, 1, 35, 32, 39, 40, 45, 1, 42, 3, 1, 46, 35, 32, 1, 45, 46, 28, 46, 32, 4, 1, 49, 35, 42, 1, 30, 28, 44, 32, 1, 33, 42, 44, 1, 50, 42, 47, 1, 39, 36, 38, 32, 1, 33, 28, 46, 35, 32, 44, 45, 4, 0, 26, 35, 32, 41, 1, 50, 42, 47, 1, 30, 47, 44, 45, 32, 1, 46, 35, 32, 40, 1, 28, 45, 1, 32, 41, 32, 40, 36, 32, 45, 6]","['M', 'E', 'N', 'E', 'N', 'I', 'U', 'S', ':', '\n', 'I', ' ', 't', 'e', 'l', 'l', ' ', 'y', 'o', 'u', ',', ' ', 'f', 'r', 'i', 'e', 'n', 'd', 's', ',', ' ', 'm', 'o', 's', 't', ' ', 'c', 'h', 'a', 'r', 'i', 't', 'a', 'b', 'l', 'e', ' ', 'c', 'a', 'r', 'e', '\n', 'H', 'a', 'v', 'e', ' ', 't', 'h', 'e', ' ', 'p', 'a', 't', 'r', 'i', 'c', 'i', 'a', 'n', 's', ' ', 'o', 'f', ' ', 'y', 'o', 'u', '.', ' ', 'F', 'o', 'r', ' ', 'y', 'o', 'u', 'r', ' ', 'w', 'a', 'n', 't', 's', ',', '\n', 'Y', 'o', 'u', 'r', ' ', 's', 'u', 'f', 'f', 'e', 'r', 'i', 'n', 'g', ' ', 'i', 'n', ' ', 't', 'h', 'i', 's', ' ', 'd', 'e', 'a', 'r', 't', 'h', ',', ' ', 'y', 'o', 'u', ' ', 'm', 'a', 'y', ' ', 'a', 's', ' ', 'w', 'e', 'l', 'l', '\n', 'S', 't', 'r', 'i', 'k', 'e', ' ', 'a', 't', ' ', 't', 'h', 'e', ' ', 'h', 'e', 'a', 'v', 'e', 'n', ' ', 'w', 'i', 't', 'h', ' ', 'y', 'o', 'u', 'r', ' ', 's', 't', 'a', 'v', 'e', 's', ' ', 'a', 's', ' ', 'l', 'i', 'f', 't', ' ', 't', 'h', 'e', 'm', '\n', 'A', 'g', 'a', 'i', 'n', 's', 't', ' ', 't', 'h', 'e', ' ', 'R', 'o', 'm', 'a', 'n', ' ', 's', 't', 'a', 't', 'e', ',', ' ', 'w', 'h', 'o', 's', 'e', ' ', 'c', 'o', 'u', 'r', 's', 'e', ' ', 'w', 'i', 'l', 'l', ' ', 'o', 'n', '\n', 'T', 'h', 'e', ' ', 'w', 'a', 'y', ' ', 'i', 't', ' ', 't', 'a', 'k', 'e', 's', ',', ' ', 'c', 'r', 'a', 'c', 'k', 'i', 'n', 'g', ' ', 't', 'e', 'n', ' ', 't', 'h', 'o', 'u', 's', 'a', 'n', 'd', ' ', 'c', 'u', 'r', 'b', 's', '\n', 'O', 'f', ' ', 'm', 'o', 'r', 'e', ' ', 's', 't', 'r', 'o', 'n', 'g', ' ', 'l', 'i', 'n', 'k', ' ', 'a', 's', 'u', 'n', 'd', 'e', 'r', ' ', 't', 'h', 'a', 'n', ' ', 'c', 'a', 'n', ' ', 'e', 'v', 'e', 'r', '\n', 'A', 'p', 'p', 'e', 'a', 'r', ' ', 'i', 'n', ' ', 'y', 'o', 'u', 'r', ' ', 'i', 'm', 'p', 'e', 'd', 'i', 'm', 'e', 'n', 't', '.', ' ', 'F', 'o', 'r', ' ', 't', 'h', 'e', ' ', 'd', 'e', 'a', 'r', 't', 'h', ',', '\n', 'T', 'h', 'e', ' ', 'g', 'o', 'd', 's', ',', ' ', 'n', 'o', 't', ' ', 't', 'h', 'e', ' ', 'p', 'a', 't', 'r', 'i', 'c', 'i', 'a', 'n', 's', ',', ' ', 'm', 'a', 'k', 'e', ' ', 'i', 't', ',', ' ', 'a', 'n', 'd', '\n', 'Y', 'o', 'u', 'r', ' ', 'k', 'n', 'e', 'e', 's', ' ', 't', 'o', ' ', 't', 'h', 'e', 'm', ',', ' ', 'n', 'o', 't', ' ', 'a', 'r', 'm', 's', ',', ' ', 'm', 'u', 's', 't', ' ', 'h', 'e', 'l', 'p', '.', ' ', 'A', 'l', 'a', 'c', 'k', ',', '\n', 'Y', 'o', 'u', ' ', 'a', 'r', 'e', ' ', 't', 'r', 'a', 'n', 's', 'p', 'o', 'r', 't', 'e', 'd', ' ', 'b', 'y', ' ', 'c', 'a', 'l', 'a', 'm', 'i', 't', 'y', '\n', 'T', 'h', 'i', 't', 'h', 'e', 'r', ' ', 'w', 'h', 'e', 'r', 'e', ' ', 'm', 'o', 'r', 'e', ' ', 'a', 't', 't', 'e', 'n', 'd', 's', ' ', 'y', 'o', 'u', ',', ' ', 'a', 'n', 'd', ' ', 'y', 'o', 'u', ' ', 's', 'l', 'a', 'n', 'd', 'e', 'r', '\n', 'T', 'h', 'e', ' ', 'h', 'e', 'l', 'm', 's', ' ', 'o', ""'"", ' ', 't', 'h', 'e', ' ', 's', 't', 'a', 't', 'e', ',', ' ', 'w', 'h', 'o', ' ', 'c', 'a', 'r', 'e', ' ', 'f', 'o', 'r', ' ', 'y', 'o', 'u', ' ', 'l', 'i', 'k', 'e', ' ', 'f', 'a', 't', 'h', 'e', 'r', 's', ',', '\n', 'W', 'h', 'e', 'n', ' ', 'y', 'o', 'u', ' ', 'c', 'u', 'r', 's', 'e', ' ', 't', 'h', 'e', 'm', ' ', 'a', 's', ' ', 'e', 'n', 'e', 'm', 'i', 'e', 's', '.']","MENENIUS:
I tell you, friends, most charitable care
Have the patricians of you. For your wants,
Your suffering in this dearth, you may as well
Strike at the heaven with your staves as lift them
Against the Roman state, whose course will on
The way it takes, cracking ten thousand curbs
Of more strong link asunder than can ever
Appear in your impediment. For the dearth,
The gods, not the patricians, make it, and
Your knees to them, not arms, must help. Alack,
You are transported by calamity
Thither where more attends you, and you slander
The helms o' the state, who care for you like fathers,
When you curse them as enemies.",,341.9,1.0
4,tiktoken_gpt2,167,True,"[49275, 1677, 40, 2937, 25, 198, 40, 1560, 345, 11, 2460, 11, 749, 21803, 1337, 198, 11980, 262, 1458, 1173, 1547, 286, 345, 13, 1114, 534, 3382, 11, 198, 7120, 7195, 287, 428, 390, 11999, 11, 345, 743, 355, 880, 198, 31584, 379, 262, 9538, 351, 534, 336, 3080, 355, 10303, 606, 198, 39276, 262, 7993, 1181, 11, 3025, 1781, 481, 319, 198, 464, 835, 340, 2753, 11, 25407, 3478, 7319, 1090, 1443, 198, 5189, 517, 1913, 2792, 355, 4625, 621, 460, 1683, 198, 4677, 451, 287, 534, 26795, 3681, 13, 1114, 262, 390, 11999, 11, 198, 464, 11858, 11, 407, 262, 1458, 1173, 1547, 11, 787, 340, 11, 290, 198, 7120, 14475, 284, 606, 11, 407, 5101, 11, 1276, 1037, 13, 978, 441, 11, 198, 1639, 389, 18665, 416, 35765, 414, 198, 817, 1555, 810, 517, 32743, 345, 11, 290, 345, 47397, 198, 464, 932, 907, 267, 6, 262, 1181, 11, 508, 1337, 329, 345, 588, 17150, 11, 198, 2215, 345, 17328, 606, 355, 5775, 13]","['MEN', 'EN', 'I', 'US', ':', '\n', 'I', ' tell', ' you', ',', ' friends', ',', ' most', ' charitable', ' care', '\n', 'Have', ' the', ' pat', 'ric', 'ians', ' of', ' you', '.', ' For', ' your', ' wants', ',', '\n', 'Your', ' suffering', ' in', ' this', ' de', 'arth', ',', ' you', ' may', ' as', ' well', '\n', 'Strike', ' at', ' the', ' heaven', ' with', ' your', ' st', 'aves', ' as', ' lift', ' them', '\n', 'Against', ' the', ' Roman', ' state', ',', ' whose', ' course', ' will', ' on', '\n', 'The', ' way', ' it', ' takes', ',', ' cracking', ' ten', ' thousand', ' cur', 'bs', '\n', 'Of', ' more', ' strong', ' link', ' as', 'under', ' than', ' can', ' ever', '\n', 'App', 'ear', ' in', ' your', ' imped', 'iment', '.', ' For', ' the', ' de', 'arth', ',', '\n', 'The', ' gods', ',', ' not', ' the', ' pat', 'ric', 'ians', ',', ' make', ' it', ',', ' and', '\n', 'Your', ' knees', ' to', ' them', ',', ' not', ' arms', ',', ' must', ' help', '.', ' Al', 'ack', ',', '\n', 'You', ' are', ' transported', ' by', ' calam', 'ity', '\n', 'Th', 'ither', ' where', ' more', ' attends', ' you', ',', ' and', ' you', ' slander', '\n', 'The', ' hel', 'ms', ' o', ""'"", ' the', ' state', ',', ' who', ' care', ' for', ' you', ' like', ' fathers', ',', '\n', 'When', ' you', ' curse', ' them', ' as', ' enemies', '.']","MENENIUS:
I tell you, friends, most charitable care
Have the patricians of you. For your wants,
Your suffering in this dearth, you may as well
Strike at the heaven with your staves as lift them
Against the Roman state, whose course will on
The way it takes, cracking ten thousand curbs
Of more strong link asunder than can ever
Appear in your impediment. For the dearth,
The gods, not the patricians, make it, and
Your knees to them, not arms, must help. Alack,
You are transported by calamity
Thither where more attends you, and you slander
The helms o' the state, who care for you like fathers,
When you curse them as enemies.",,91.6,3.7604790419161676
4,hf_gpt2,167,True,"[49275, 1677, 40, 2937, 25, 198, 40, 1560, 345, 11, 2460, 11, 749, 21803, 1337, 198, 11980, 262, 1458, 1173, 1547, 286, 345, 13, 1114, 534, 3382, 11, 198, 7120, 7195, 287, 428, 390, 11999, 11, 345, 743, 355, 880, 198, 31584, 379, 262, 9538, 351, 534, 336, 3080, 355, 10303, 606, 198, 39276, 262, 7993, 1181, 11, 3025, 1781, 481, 319, 198, 464, 835, 340, 2753, 11, 25407, 3478, 7319, 1090, 1443, 198, 5189, 517, 1913, 2792, 355, 4625, 621, 460, 1683, 198, 4677, 451, 287, 534, 26795, 3681, 13, 1114, 262, 390, 11999, 11, 198, 464, 11858, 11, 407, 262, 1458, 1173, 1547, 11, 787, 340, 11, 290, 198, 7120, 14475, 284, 606, 11, 407, 5101, 11, 1276, 1037, 13, 978, 441, 11, 198, 1639, 389, 18665, 416, 35765, 414, 198, 817, 1555, 810, 517, 32743, 345, 11, 290, 345, 47397, 198, 464, 932, 907, 267, 6, 262, 1181, 11, 508, 1337, 329, 345, 588, 17150, 11, 198, 2215, 345, 17328, 606, 355, 5775, 13]","['MEN', 'EN', 'I', 'US', ':', 'Ċ', 'I', 'Ġtell', 'Ġyou', ',', 'Ġfriends', ',', 'Ġmost', 'Ġcharitable', 'Ġcare', 'Ċ', 'Have', 'Ġthe', 'Ġpat', 'ric', 'ians', 'Ġof', 'Ġyou', '.', 'ĠFor', 'Ġyour', 'Ġwants', ',', 'Ċ', 'Your', 'Ġsuffering', 'Ġin', 'Ġthis', 'Ġde', 'arth', ',', 'Ġyou', 'Ġmay', 'Ġas', 'Ġwell', 'Ċ', 'Strike', 'Ġat', 'Ġthe', 'Ġheaven', 'Ġwith', 'Ġyour', 'Ġst', 'aves', 'Ġas', 'Ġlift', 'Ġthem', 'Ċ', 'Against', 'Ġthe', 'ĠRoman', 'Ġstate', ',', 'Ġwhose', 'Ġcourse', 'Ġwill', 'Ġon', 'Ċ', 'The', 'Ġway', 'Ġit', 'Ġtakes', ',', 'Ġcracking', 'Ġten', 'Ġthousand', 'Ġcur', 'bs', 'Ċ', 'Of', 'Ġmore', 'Ġstrong', 'Ġlink', 'Ġas', 'under', 'Ġthan', 'Ġcan', 'Ġever', 'Ċ', 'App', 'ear', 'Ġin', 'Ġyour', 'Ġimped', 'iment', '.', 'ĠFor', 'Ġthe', 'Ġde', 'arth', ',', 'Ċ', 'The', 'Ġgods', ',', 'Ġnot', 'Ġthe', 'Ġpat', 'ric', 'ians', ',', 'Ġmake', 'Ġit', ',', 'Ġand', 'Ċ', 'Your', 'Ġknees', 'Ġto', 'Ġthem', ',', 'Ġnot', 'Ġarms', ',', 'Ġmust', 'Ġhelp', '.', 'ĠAl', 'ack', ',', 'Ċ', 'You', 'Ġare', 'Ġtransported', 'Ġby', 'Ġcalam', 'ity', 'Ċ', 'Th', 'ither', 'Ġwhere', 'Ġmore', 'Ġattends', 'Ġyou', ',', 'Ġand', 'Ġyou', 'Ġslander', 'Ċ', 'The', 'Ġhel', 'ms', 'Ġo', ""'"", 'Ġthe', 'Ġstate', ',', 'Ġwho', 'Ġcare', 'Ġfor', 'Ġyou', 'Ġlike', 'Ġfathers', ',', 'Ċ', 'When', 'Ġyou', 'Ġcurse', 'Ġthem', 'Ġas', 'Ġenemies', '.']","MENENIUS:
I tell you, friends, most charitable care
Have the patricians of you. For your wants,
Your suffering in this dearth, you may as well
Strike at the heaven with your staves as lift them
Against the Roman state, whose course will on
The way it takes, cracking ten thousand curbs
Of more strong link asunder than can ever
Appear in your impediment. For the dearth,
The gods, not the patricians, make it, and
Your knees to them, not arms, must help. Alack,
You are transported by calamity
Thither where more attends you, and you slander
The helms o' the state, who care for you like fathers,
When you curse them as enemies.",True,91.6,3.7604790419161676
5,character,392,True,"[15, 36, 44, 45, 46, 1, 12, 36, 46, 36, 51, 32, 41, 7, 0, 12, 28, 44, 32, 1, 33, 42, 44, 1, 47, 45, 2, 1, 24, 44, 47, 32, 4, 1, 36, 41, 31, 32, 32, 31, 2, 1, 24, 35, 32, 50, 1, 41, 32, 3, 32, 44, 1, 30, 28, 44, 32, 31, 1, 33, 42, 44, 1, 47, 45, 0, 50, 32, 46, 7, 1, 45, 47, 33, 33, 32, 44, 1, 47, 45, 1, 46, 42, 1, 33, 28, 40, 36, 45, 35, 4, 1, 28, 41, 31, 1, 46, 35, 32, 36, 44, 1, 45, 46, 42, 44, 32, 5, 35, 42, 47, 45, 32, 45, 0, 30, 44, 28, 40, 40, 32, 31, 1, 49, 36, 46, 35, 1, 34, 44, 28, 36, 41, 8, 1, 40, 28, 38, 32, 1, 32, 31, 36, 30, 46, 45, 1, 33, 42, 44, 1, 47, 45, 47, 44, 50, 4, 1, 46, 42, 0, 45, 47, 43, 43, 42, 44, 46, 1, 47, 45, 47, 44, 32, 44, 45, 8, 1, 44, 32, 43, 32, 28, 39, 1, 31, 28, 36, 39, 50, 1, 28, 41, 50, 1, 49, 35, 42, 39, 32, 45, 42, 40, 32, 1, 28, 30, 46, 0, 32, 45, 46, 28, 29, 39, 36, 45, 35, 32, 31, 1, 28, 34, 28, 36, 41, 45, 46, 1, 46, 35, 32, 1, 44, 36, 30, 35, 4, 1, 28, 41, 31, 1, 43, 44, 42, 48, 36, 31, 32, 1, 40, 42, 44, 32, 0, 43, 36, 32, 44, 30, 36, 41, 34, 1, 45, 46, 28, 46, 47, 46, 32, 45, 1, 31, 28, 36, 39, 50, 4, 1, 46, 42, 1, 30, 35, 28, 36, 41, 1, 47, 43, 1, 28, 41, 31, 1, 44, 32, 45, 46, 44, 28, 36, 41, 0, 46, 35, 32, 1, 43, 42, 42, 44, 6, 1, 17, 33, 1, 46, 35, 32, 1, 49, 28, 44, 45, 1, 32, 28, 46, 1, 47, 45, 1, 41, 42, 46, 1, 47, 43, 4, 1, 46, 35, 32, 50, 1, 49, 36, 39, 39, 8, 1, 28, 41, 31, 0, 46, 35, 32, 44, 32, 3, 45, 1, 28, 39, 39, 1, 46, 35, 32, 1, 39, 42, 48, 32, 1, 46, 35, 32, 50, 1, 29, 32, 28, 44, 1, 47, 45, 6]","['F', 'i', 'r', 's', 't', ' ', 'C', 'i', 't', 'i', 'z', 'e', 'n', ':', '\n', 'C', 'a', 'r', 'e', ' ', 'f', 'o', 'r', ' ', 'u', 's', '!', ' ', 'T', 'r', 'u', 'e', ',', ' ', 'i', 'n', 'd', 'e', 'e', 'd', '!', ' ', 'T', 'h', 'e', 'y', ' ', 'n', 'e', ""'"", 'e', 'r', ' ', 'c', 'a', 'r', 'e', 'd', ' ', 'f', 'o', 'r', ' ', 'u', 's', '\n', 'y', 'e', 't', ':', ' ', 's', 'u', 'f', 'f', 'e', 'r', ' ', 'u', 's', ' ', 't', 'o', ' ', 'f', 'a', 'm', 'i', 's', 'h', ',', ' ', 'a', 'n', 'd', ' ', 't', 'h', 'e', 'i', 'r', ' ', 's', 't', 'o', 'r', 'e', '-', 'h', 'o', 'u', 's', 'e', 's', '\n', 'c', 'r', 'a', 'm', 'm', 'e', 'd', ' ', 'w', 'i', 't', 'h', ' ', 'g', 'r', 'a', 'i', 'n', ';', ' ', 'm', 'a', 'k', 'e', ' ', 'e', 'd', 'i', 'c', 't', 's', ' ', 'f', 'o', 'r', ' ', 'u', 's', 'u', 'r', 'y', ',', ' ', 't', 'o', '\n', 's', 'u', 'p', 'p', 'o', 'r', 't', ' ', 'u', 's', 'u', 'r', 'e', 'r', 's', ';', ' ', 'r', 'e', 'p', 'e', 'a', 'l', ' ', 'd', 'a', 'i', 'l', 'y', ' ', 'a', 'n', 'y', ' ', 'w', 'h', 'o', 'l', 'e', 's', 'o', 'm', 'e', ' ', 'a', 'c', 't', '\n', 'e', 's', 't', 'a', 'b', 'l', 'i', 's', 'h', 'e', 'd', ' ', 'a', 'g', 'a', 'i', 'n', 's', 't', ' ', 't', 'h', 'e', ' ', 'r', 'i', 'c', 'h', ',', ' ', 'a', 'n', 'd', ' ', 'p', 'r', 'o', 'v', 'i', 'd', 'e', ' ', 'm', 'o', 'r', 'e', '\n', 'p', 'i', 'e', 'r', 'c', 'i', 'n', 'g', ' ', 's', 't', 'a', 't', 'u', 't', 'e', 's', ' ', 'd', 'a', 'i', 'l', 'y', ',', ' ', 't', 'o', ' ', 'c', 'h', 'a', 'i', 'n', ' ', 'u', 'p', ' ', 'a', 'n', 'd', ' ', 'r', 'e', 's', 't', 'r', 'a', 'i', 'n', '\n', 't', 'h', 'e', ' ', 'p', 'o', 'o', 'r', '.', ' ', 'I', 'f', ' ', 't', 'h', 'e', ' ', 'w', 'a', 'r', 's', ' ', 'e', 'a', 't', ' ', 'u', 's', ' ', 'n', 'o', 't', ' ', 'u', 'p', ',', ' ', 't', 'h', 'e', 'y', ' ', 'w', 'i', 'l', 'l', ';', ' ', 'a', 'n', 'd', '\n', 't', 'h', 'e', 'r', 'e', ""'"", 's', ' ', 'a', 'l', 'l', ' ', 't', 'h', 'e', ' ', 'l', 'o', 'v', 'e', ' ', 't', 'h', 'e', 'y', ' ', 'b', 'e', 'a', 'r', ' ', 'u', 's', '.']","First Citizen:
Care for us! True, indeed! They ne'er cared for us
yet: suffer us to famish, and their store-houses
crammed with grain; make edicts for usury, to
support usurers; repeal daily any wholesome act
established against the rich, and provide more
piercing statutes daily, to chain up and restrain
the poor. If the wars eat us not up, they will; and
there's all the love they bear us.",,341.9,1.0
5,tiktoken_gpt2,106,True,"[5962, 22307, 25, 198, 17784, 329, 514, 0, 6407, 11, 5600, 0, 1119, 497, 6, 263, 19951, 329, 514, 198, 25907, 25, 8659, 514, 284, 1145, 680, 11, 290, 511, 3650, 12, 20089, 198, 66, 859, 1150, 351, 13020, 26, 787, 1225, 14137, 329, 514, 1601, 11, 284, 198, 11284, 514, 17496, 26, 14634, 4445, 597, 17950, 462, 719, 198, 27718, 1028, 262, 5527, 11, 290, 2148, 517, 198, 79, 959, 2259, 24895, 4445, 11, 284, 6333, 510, 290, 39300, 198, 1169, 3595, 13, 1002, 262, 9976, 4483, 514, 407, 510, 11, 484, 481, 26, 290, 198, 8117, 338, 477, 262, 1842, 484, 6842, 514, 13]","['First', ' Citizen', ':', '\n', 'Care', ' for', ' us', '!', ' True', ',', ' indeed', '!', ' They', ' ne', ""'"", 'er', ' cared', ' for', ' us', '\n', 'yet', ':', ' suffer', ' us', ' to', ' fam', 'ish', ',', ' and', ' their', ' store', '-', 'houses', '\n', 'c', 'ram', 'med', ' with', ' grain', ';', ' make', ' ed', 'icts', ' for', ' us', 'ury', ',', ' to', '\n', 'support', ' us', 'urers', ';', ' repeal', ' daily', ' any', ' wholes', 'ome', ' act', '\n', 'established', ' against', ' the', ' rich', ',', ' and', ' provide', ' more', '\n', 'p', 'ier', 'cing', ' statutes', ' daily', ',', ' to', ' chain', ' up', ' and', ' restrain', '\n', 'the', ' poor', '.', ' If', ' the', ' wars', ' eat', ' us', ' not', ' up', ',', ' they', ' will', ';', ' and', '\n', 'there', ""'s"", ' all', ' the', ' love', ' they', ' bear', ' us', '.']","First Citizen:
Care for us! True, indeed! They ne'er cared for us
yet: suffer us to famish, and their store-houses
crammed with grain; make edicts for usury, to
support usurers; repeal daily any wholesome act
established against the rich, and provide more
piercing statutes daily, to chain up and restrain
the poor. If the wars eat us not up, they will; and
there's all the love they bear us.",,91.6,3.69811320754717
5,hf_gpt2,106,True,"[5962, 22307, 25, 198, 17784, 329, 514, 0, 6407, 11, 5600, 0, 1119, 497, 6, 263, 19951, 329, 514, 198, 25907, 25, 8659, 514, 284, 1145, 680, 11, 290, 511, 3650, 12, 20089, 198, 66, 859, 1150, 351, 13020, 26, 787, 1225, 14137, 329, 514, 1601, 11, 284, 198, 11284, 514, 17496, 26, 14634, 4445, 597, 17950, 462, 719, 198, 27718, 1028, 262, 5527, 11, 290, 2148, 517, 198, 79, 959, 2259, 24895, 4445, 11, 284, 6333, 510, 290, 39300, 198, 1169, 3595, 13, 1002, 262, 9976, 4483, 514, 407, 510, 11, 484, 481, 26, 290, 198, 8117, 338, 477, 262, 1842, 484, 6842, 514, 13]","['First', 'ĠCitizen', ':', 'Ċ', 'Care', 'Ġfor', 'Ġus', '!', 'ĠTrue', ',', 'Ġindeed', '!', 'ĠThey', 'Ġne', ""'"", 'er', 'Ġcared', 'Ġfor', 'Ġus', 'Ċ', 'yet', ':', 'Ġsuffer', 'Ġus', 'Ġto', 'Ġfam', 'ish', ',', 'Ġand', 'Ġtheir', 'Ġstore', '-', 'houses', 'Ċ', 'c', 'ram', 'med', 'Ġwith', 'Ġgrain', ';', 'Ġmake', 'Ġed', 'icts', 'Ġfor', 'Ġus', 'ury', ',', 'Ġto', 'Ċ', 'support', 'Ġus', 'urers', ';', 'Ġrepeal', 'Ġdaily', 'Ġany', 'Ġwholes', 'ome', 'Ġact', 'Ċ', 'established', 'Ġagainst', 'Ġthe', 'Ġrich', ',', 'Ġand', 'Ġprovide', 'Ġmore', 'Ċ', 'p', 'ier', 'cing', 'Ġstatutes', 'Ġdaily', ',', 'Ġto', 'Ġchain', 'Ġup', 'Ġand', 'Ġrestrain', 'Ċ', 'the', 'Ġpoor', '.', 'ĠIf', 'Ġthe', 'Ġwars', 'Ġeat', 'Ġus', 'Ġnot', 'Ġup', ',', 'Ġthey', 'Ġwill', ';', 'Ġand', 'Ċ', 'there', ""'s"", 'Ġall', 'Ġthe', 'Ġlove', 'Ġthey', 'Ġbear', 'Ġus', '.']","First Citizen:
Care for us! True, indeed! They ne'er cared for us
yet: suffer us to famish, and their store-houses
crammed with grain; make edicts for usury, to
support usurers; repeal daily any wholesome act
established against the rich, and provide more
piercing statutes daily, to chain up and restrain
the poor. If the wars eat us not up, they will; and
there's all the love they bear us.",True,91.6,3.69811320754717
6,character,224,True,"[19, 14, 20, 14, 20, 17, 25, 23, 7, 0, 14, 36, 46, 35, 32, 44, 1, 50, 42, 47, 1, 40, 47, 45, 46, 0, 12, 42, 41, 33, 32, 45, 45, 1, 50, 42, 47, 44, 45, 32, 39, 48, 32, 45, 1, 49, 42, 41, 31, 44, 42, 47, 45, 1, 40, 28, 39, 36, 30, 36, 42, 47, 45, 4, 0, 21, 44, 1, 29, 32, 1, 28, 30, 30, 47, 45, 32, 31, 1, 42, 33, 1, 33, 42, 39, 39, 50, 6, 1, 17, 1, 45, 35, 28, 39, 39, 1, 46, 32, 39, 39, 1, 50, 42, 47, 0, 10, 1, 43, 44, 32, 46, 46, 50, 1, 46, 28, 39, 32, 7, 1, 36, 46, 1, 40, 28, 50, 1, 29, 32, 1, 50, 42, 47, 1, 35, 28, 48, 32, 1, 35, 32, 28, 44, 31, 1, 36, 46, 8, 0, 11, 47, 46, 4, 1, 45, 36, 41, 30, 32, 1, 36, 46, 1, 45, 32, 44, 48, 32, 45, 1, 40, 50, 1, 43, 47, 44, 43, 42, 45, 32, 4, 1, 17, 1, 49, 36, 39, 39, 1, 48, 32, 41, 46, 47, 44, 32, 0, 24, 42, 1, 45, 46, 28, 39, 32, 1, 3, 46, 1, 28, 1, 39, 36, 46, 46, 39, 32, 1, 40, 42, 44, 32, 6]","['M', 'E', 'N', 'E', 'N', 'I', 'U', 'S', ':', '\n', 'E', 'i', 't', 'h', 'e', 'r', ' ', 'y', 'o', 'u', ' ', 'm', 'u', 's', 't', '\n', 'C', 'o', 'n', 'f', 'e', 's', 's', ' ', 'y', 'o', 'u', 'r', 's', 'e', 'l', 'v', 'e', 's', ' ', 'w', 'o', 'n', 'd', 'r', 'o', 'u', 's', ' ', 'm', 'a', 'l', 'i', 'c', 'i', 'o', 'u', 's', ',', '\n', 'O', 'r', ' ', 'b', 'e', ' ', 'a', 'c', 'c', 'u', 's', 'e', 'd', ' ', 'o', 'f', ' ', 'f', 'o', 'l', 'l', 'y', '.', ' ', 'I', ' ', 's', 'h', 'a', 'l', 'l', ' ', 't', 'e', 'l', 'l', ' ', 'y', 'o', 'u', '\n', 'A', ' ', 'p', 'r', 'e', 't', 't', 'y', ' ', 't', 'a', 'l', 'e', ':', ' ', 'i', 't', ' ', 'm', 'a', 'y', ' ', 'b', 'e', ' ', 'y', 'o', 'u', ' ', 'h', 'a', 'v', 'e', ' ', 'h', 'e', 'a', 'r', 'd', ' ', 'i', 't', ';', '\n', 'B', 'u', 't', ',', ' ', 's', 'i', 'n', 'c', 'e', ' ', 'i', 't', ' ', 's', 'e', 'r', 'v', 'e', 's', ' ', 'm', 'y', ' ', 'p', 'u', 'r', 'p', 'o', 's', 'e', ',', ' ', 'I', ' ', 'w', 'i', 'l', 'l', ' ', 'v', 'e', 'n', 't', 'u', 'r', 'e', '\n', 'T', 'o', ' ', 's', 't', 'a', 'l', 'e', ' ', ""'"", 't', ' ', 'a', ' ', 'l', 'i', 't', 't', 'l', 'e', ' ', 'm', 'o', 'r', 'e', '.']","MENENIUS:
Either you must
Confess yourselves wondrous malicious,
Or be accused of folly. I shall tell you
A pretty tale: it may be you have heard it;
But, since it serves my purpose, I will venture
To stale 't a little more.",,341.9,1.0
6,tiktoken_gpt2,62,True,"[49275, 1677, 40, 2937, 25, 198, 32478, 345, 1276, 198, 18546, 408, 27012, 3135, 7596, 17412, 11, 198, 5574, 307, 5371, 286, 43411, 13, 314, 2236, 1560, 345, 198, 32, 2495, 12838, 25, 340, 743, 307, 345, 423, 2982, 340, 26, 198, 1537, 11, 1201, 340, 9179, 616, 4007, 11, 314, 481, 13189, 198, 2514, 39985, 705, 83, 257, 1310, 517, 13]","['MEN', 'EN', 'I', 'US', ':', '\n', 'Either', ' you', ' must', '\n', 'Conf', 'ess', ' yourselves', ' wond', 'rous', ' malicious', ',', '\n', 'Or', ' be', ' accused', ' of', ' folly', '.', ' I', ' shall', ' tell', ' you', '\n', 'A', ' pretty', ' tale', ':', ' it', ' may', ' be', ' you', ' have', ' heard', ' it', ';', '\n', 'But', ',', ' since', ' it', ' serves', ' my', ' purpose', ',', ' I', ' will', ' venture', '\n', 'To', ' stale', "" '"", 't', ' a', ' little', ' more', '.']","MENENIUS:
Either you must
Confess yourselves wondrous malicious,
Or be accused of folly. I shall tell you
A pretty tale: it may be you have heard it;
But, since it serves my purpose, I will venture
To stale 't a little more.",,91.6,3.6129032258064515
6,hf_gpt2,62,True,"[49275, 1677, 40, 2937, 25, 198, 32478, 345, 1276, 198, 18546, 408, 27012, 3135, 7596, 17412, 11, 198, 5574, 307, 5371, 286, 43411, 13, 314, 2236, 1560, 345, 198, 32, 2495, 12838, 25, 340, 743, 307, 345, 423, 2982, 340, 26, 198, 1537, 11, 1201, 340, 9179, 616, 4007, 11, 314, 481, 13189, 198, 2514, 39985, 705, 83, 257, 1310, 517, 13]","['MEN', 'EN', 'I', 'US', ':', 'Ċ', 'Either', 'Ġyou', 'Ġmust', 'Ċ', 'Conf', 'ess', 'Ġyourselves', 'Ġwond', 'rous', 'Ġmalicious', ',', 'Ċ', 'Or', 'Ġbe', 'Ġaccused', 'Ġof', 'Ġfolly', '.', 'ĠI', 'Ġshall', 'Ġtell', 'Ġyou', 'Ċ', 'A', 'Ġpretty', 'Ġtale', ':', 'Ġit', 'Ġmay', 'Ġbe', 'Ġyou', 'Ġhave', 'Ġheard', 'Ġit', ';', 'Ċ', 'But', ',', 'Ġsince', 'Ġit', 'Ġserves', 'Ġmy', 'Ġpurpose', ',', 'ĠI', 'Ġwill', 'Ġventure', 'Ċ', 'To', 'Ġstale', ""Ġ'"", 't', 'Ġa', 'Ġlittle', 'Ġmore', '.']","MENENIUS:
Either you must
Confess yourselves wondrous malicious,
Or be accused of folly. I shall tell you
A pretty tale: it may be you have heard it;
But, since it serves my purpose, I will venture
To stale 't a little more.",True,91.6,3.6129032258064515
7,character,131,True,"[15, 36, 44, 45, 46, 1, 12, 36, 46, 36, 51, 32, 41, 7, 0, 26, 32, 39, 39, 4, 1, 17, 3, 39, 39, 1, 35, 32, 28, 44, 1, 36, 46, 4, 1, 45, 36, 44, 7, 1, 50, 32, 46, 1, 50, 42, 47, 1, 40, 47, 45, 46, 1, 41, 42, 46, 1, 46, 35, 36, 41, 38, 1, 46, 42, 0, 33, 42, 29, 1, 42, 33, 33, 1, 42, 47, 44, 1, 31, 36, 45, 34, 44, 28, 30, 32, 1, 49, 36, 46, 35, 1, 28, 1, 46, 28, 39, 32, 7, 1, 29, 47, 46, 4, 1, 28, 41, 1, 3, 46, 1, 43, 39, 32, 28, 45, 32, 0, 50, 42, 47, 4, 1, 31, 32, 39, 36, 48, 32, 44, 6]","['F', 'i', 'r', 's', 't', ' ', 'C', 'i', 't', 'i', 'z', 'e', 'n', ':', '\n', 'W', 'e', 'l', 'l', ',', ' ', 'I', ""'"", 'l', 'l', ' ', 'h', 'e', 'a', 'r', ' ', 'i', 't', ',', ' ', 's', 'i', 'r', ':', ' ', 'y', 'e', 't', ' ', 'y', 'o', 'u', ' ', 'm', 'u', 's', 't', ' ', 'n', 'o', 't', ' ', 't', 'h', 'i', 'n', 'k', ' ', 't', 'o', '\n', 'f', 'o', 'b', ' ', 'o', 'f', 'f', ' ', 'o', 'u', 'r', ' ', 'd', 'i', 's', 'g', 'r', 'a', 'c', 'e', ' ', 'w', 'i', 't', 'h', ' ', 'a', ' ', 't', 'a', 'l', 'e', ':', ' ', 'b', 'u', 't', ',', ' ', 'a', 'n', ' ', ""'"", 't', ' ', 'p', 'l', 'e', 'a', 's', 'e', '\n', 'y', 'o', 'u', ',', ' ', 'd', 'e', 'l', 'i', 'v', 'e', 'r', '.']","First Citizen:
Well, I'll hear it, sir: yet you must not think to
fob off our disgrace with a tale: but, an 't please
you, deliver.",,341.9,1.0
7,tiktoken_gpt2,40,True,"[5962, 22307, 25, 198, 5779, 11, 314, 1183, 3285, 340, 11, 15967, 25, 1865, 345, 1276, 407, 892, 284, 198, 69, 672, 572, 674, 27690, 351, 257, 12838, 25, 475, 11, 281, 705, 83, 3387, 198, 5832, 11, 5203, 13]","['First', ' Citizen', ':', '\n', 'Well', ',', ' I', ""'ll"", ' hear', ' it', ',', ' sir', ':', ' yet', ' you', ' must', ' not', ' think', ' to', '\n', 'f', 'ob', ' off', ' our', ' disgrace', ' with', ' a', ' tale', ':', ' but', ',', ' an', "" '"", 't', ' please', '\n', 'you', ',', ' deliver', '.']","First Citizen:
Well, I'll hear it, sir: yet you must not think to
fob off our disgrace with a tale: but, an 't please
you, deliver.",,91.6,3.275
7,hf_gpt2,40,True,"[5962, 22307, 25, 198, 5779, 11, 314, 1183, 3285, 340, 11, 15967, 25, 1865, 345, 1276, 407, 892, 284, 198, 69, 672, 572, 674, 27690, 351, 257, 12838, 25, 475, 11, 281, 705, 83, 3387, 198, 5832, 11, 5203, 13]","['First', 'ĠCitizen', ':', 'Ċ', 'Well', ',', 'ĠI', ""'ll"", 'Ġhear', 'Ġit', ',', 'Ġsir', ':', 'Ġyet', 'Ġyou', 'Ġmust', 'Ġnot', 'Ġthink', 'Ġto', 'Ċ', 'f', 'ob', 'Ġoff', 'Ġour', 'Ġdisgrace', 'Ġwith', 'Ġa', 'Ġtale', ':', 'Ġbut', ',', 'Ġan', ""Ġ'"", 't', 'Ġplease', 'Ċ', 'you', ',', 'Ġdeliver', '.']","First Citizen:
Well, I'll hear it, sir: yet you must not think to
fob off our disgrace with a tale: but, an 't please
you, deliver.",True,91.6,3.275
8,character,445,True,"[19, 14, 20, 14, 20, 17, 25, 23, 7, 0, 24, 35, 32, 44, 32, 1, 49, 28, 45, 1, 28, 1, 46, 36, 40, 32, 1, 49, 35, 32, 41, 1, 28, 39, 39, 1, 46, 35, 32, 1, 29, 42, 31, 50, 3, 45, 1, 40, 32, 40, 29, 32, 44, 45, 0, 22, 32, 29, 32, 39, 39, 3, 31, 1, 28, 34, 28, 36, 41, 45, 46, 1, 46, 35, 32, 1, 29, 32, 39, 39, 50, 4, 1, 46, 35, 47, 45, 1, 28, 30, 30, 47, 45, 32, 31, 1, 36, 46, 7, 0, 24, 35, 28, 46, 1, 42, 41, 39, 50, 1, 39, 36, 38, 32, 1, 28, 1, 34, 47, 39, 33, 1, 36, 46, 1, 31, 36, 31, 1, 44, 32, 40, 28, 36, 41, 0, 17, 3, 1, 46, 35, 32, 1, 40, 36, 31, 45, 46, 1, 42, 3, 1, 46, 35, 32, 1, 29, 42, 31, 50, 4, 1, 36, 31, 39, 32, 1, 28, 41, 31, 1, 47, 41, 28, 30, 46, 36, 48, 32, 4, 0, 23, 46, 36, 39, 39, 1, 30, 47, 43, 29, 42, 28, 44, 31, 36, 41, 34, 1, 46, 35, 32, 1, 48, 36, 28, 41, 31, 4, 1, 41, 32, 48, 32, 44, 1, 29, 32, 28, 44, 36, 41, 34, 0, 18, 36, 38, 32, 1, 39, 28, 29, 42, 47, 44, 1, 49, 36, 46, 35, 1, 46, 35, 32, 1, 44, 32, 45, 46, 4, 1, 49, 35, 32, 44, 32, 1, 46, 35, 32, 1, 42, 46, 35, 32, 44, 1, 36, 41, 45, 46, 44, 47, 40, 32, 41, 46, 45, 0, 13, 36, 31, 1, 45, 32, 32, 1, 28, 41, 31, 1, 35, 32, 28, 44, 4, 1, 31, 32, 48, 36, 45, 32, 4, 1, 36, 41, 45, 46, 44, 47, 30, 46, 4, 1, 49, 28, 39, 38, 4, 1, 33, 32, 32, 39, 4, 0, 10, 41, 31, 4, 1, 40, 47, 46, 47, 28, 39, 39, 50, 1, 43, 28, 44, 46, 36, 30, 36, 43, 28, 46, 32, 4, 1, 31, 36, 31, 1, 40, 36, 41, 36, 45, 46, 32, 44, 0, 25, 41, 46, 42, 1, 46, 35, 32, 1, 28, 43, 43, 32, 46, 36, 46, 32, 1, 28, 41, 31, 1, 28, 33, 33, 32, 30, 46, 36, 42, 41, 1, 30, 42, 40, 40, 42, 41, 0, 21, 33, 1, 46, 35, 32, 1, 49, 35, 42, 39, 32, 1, 29, 42, 31, 50, 6, 1, 24, 35, 32, 1, 29, 32, 39, 39, 50, 1, 28, 41, 45, 49, 32, 44, 3, 31, 5, 5]","['M', 'E', 'N', 'E', 'N', 'I', 'U', 'S', ':', '\n', 'T', 'h', 'e', 'r', 'e', ' ', 'w', 'a', 's', ' ', 'a', ' ', 't', 'i', 'm', 'e', ' ', 'w', 'h', 'e', 'n', ' ', 'a', 'l', 'l', ' ', 't', 'h', 'e', ' ', 'b', 'o', 'd', 'y', ""'"", 's', ' ', 'm', 'e', 'm', 'b', 'e', 'r', 's', '\n', 'R', 'e', 'b', 'e', 'l', 'l', ""'"", 'd', ' ', 'a', 'g', 'a', 'i', 'n', 's', 't', ' ', 't', 'h', 'e', ' ', 'b', 'e', 'l', 'l', 'y', ',', ' ', 't', 'h', 'u', 's', ' ', 'a', 'c', 'c', 'u', 's', 'e', 'd', ' ', 'i', 't', ':', '\n', 'T', 'h', 'a', 't', ' ', 'o', 'n', 'l', 'y', ' ', 'l', 'i', 'k', 'e', ' ', 'a', ' ', 'g', 'u', 'l', 'f', ' ', 'i', 't', ' ', 'd', 'i', 'd', ' ', 'r', 'e', 'm', 'a', 'i', 'n', '\n', 'I', ""'"", ' ', 't', 'h', 'e', ' ', 'm', 'i', 'd', 's', 't', ' ', 'o', ""'"", ' ', 't', 'h', 'e', ' ', 'b', 'o', 'd', 'y', ',', ' ', 'i', 'd', 'l', 'e', ' ', 'a', 'n', 'd', ' ', 'u', 'n', 'a', 'c', 't', 'i', 'v', 'e', ',', '\n', 'S', 't', 'i', 'l', 'l', ' ', 'c', 'u', 'p', 'b', 'o', 'a', 'r', 'd', 'i', 'n', 'g', ' ', 't', 'h', 'e', ' ', 'v', 'i', 'a', 'n', 'd', ',', ' ', 'n', 'e', 'v', 'e', 'r', ' ', 'b', 'e', 'a', 'r', 'i', 'n', 'g', '\n', 'L', 'i', 'k', 'e', ' ', 'l', 'a', 'b', 'o', 'u', 'r', ' ', 'w', 'i', 't', 'h', ' ', 't', 'h', 'e', ' ', 'r', 'e', 's', 't', ',', ' ', 'w', 'h', 'e', 'r', 'e', ' ', 't', 'h', 'e', ' ', 'o', 't', 'h', 'e', 'r', ' ', 'i', 'n', 's', 't', 'r', 'u', 'm', 'e', 'n', 't', 's', '\n', 'D', 'i', 'd', ' ', 's', 'e', 'e', ' ', 'a', 'n', 'd', ' ', 'h', 'e', 'a', 'r', ',', ' ', 'd', 'e', 'v', 'i', 's', 'e', ',', ' ', 'i', 'n', 's', 't', 'r', 'u', 'c', 't', ',', ' ', 'w', 'a', 'l', 'k', ',', ' ', 'f', 'e', 'e', 'l', ',', '\n', 'A', 'n', 'd', ',', ' ', 'm', 'u', 't', 'u', 'a', 'l', 'l', 'y', ' ', 'p', 'a', 'r', 't', 'i', 'c', 'i', 'p', 'a', 't', 'e', ',', ' ', 'd', 'i', 'd', ' ', 'm', 'i', 'n', 'i', 's', 't', 'e', 'r', '\n', 'U', 'n', 't', 'o', ' ', 't', 'h', 'e', ' ', 'a', 'p', 'p', 'e', 't', 'i', 't', 'e', ' ', 'a', 'n', 'd', ' ', 'a', 'f', 'f', 'e', 'c', 't', 'i', 'o', 'n', ' ', 'c', 'o', 'm', 'm', 'o', 'n', '\n', 'O', 'f', ' ', 't', 'h', 'e', ' ', 'w', 'h', 'o', 'l', 'e', ' ', 'b', 'o', 'd', 'y', '.', ' ', 'T', 'h', 'e', ' ', 'b', 'e', 'l', 'l', 'y', ' ', 'a', 'n', 's', 'w', 'e', 'r', ""'"", 'd', '-', '-']","MENENIUS:
There was a time when all the body's members
Rebell'd against the belly, thus accused it:
That only like a gulf it did remain
I' the midst o' the body, idle and unactive,
Still cupboarding the viand, never bearing
Like labour with the rest, where the other instruments
Did see and hear, devise, instruct, walk, feel,
And, mutually participate, did minister
Unto the appetite and affection common
Of the whole body. The belly answer'd--",,341.9,1.0
8,tiktoken_gpt2,114,True,"[49275, 1677, 40, 2937, 25, 198, 1858, 373, 257, 640, 618, 477, 262, 1767, 338, 1866, 198, 28951, 695, 1549, 1028, 262, 19921, 11, 4145, 5371, 340, 25, 198, 2504, 691, 588, 257, 41593, 340, 750, 3520, 198, 40, 6, 262, 15925, 267, 6, 262, 1767, 11, 21696, 290, 555, 5275, 11, 198, 9590, 6508, 27794, 262, 25357, 392, 11, 1239, 14121, 198, 7594, 10515, 351, 262, 1334, 11, 810, 262, 584, 12834, 198, 11633, 766, 290, 3285, 11, 44668, 11, 5048, 11, 2513, 11, 1254, 11, 198, 1870, 11, 26519, 8277, 11, 750, 5342, 198, 35792, 78, 262, 20788, 290, 17696, 2219, 198, 5189, 262, 2187, 1767, 13, 383, 19921, 3280, 1549, 438]","['MEN', 'EN', 'I', 'US', ':', '\n', 'There', ' was', ' a', ' time', ' when', ' all', ' the', ' body', ""'s"", ' members', '\n', 'Reb', 'ell', ""'d"", ' against', ' the', ' belly', ',', ' thus', ' accused', ' it', ':', '\n', 'That', ' only', ' like', ' a', ' gulf', ' it', ' did', ' remain', '\n', 'I', ""'"", ' the', ' midst', ' o', ""'"", ' the', ' body', ',', ' idle', ' and', ' un', 'active', ',', '\n', 'Still', ' cup', 'boarding', ' the', ' vi', 'and', ',', ' never', ' bearing', '\n', 'Like', ' labour', ' with', ' the', ' rest', ',', ' where', ' the', ' other', ' instruments', '\n', 'Did', ' see', ' and', ' hear', ',', ' devise', ',', ' instruct', ',', ' walk', ',', ' feel', ',', '\n', 'And', ',', ' mutually', ' participate', ',', ' did', ' minister', '\n', 'Unt', 'o', ' the', ' appetite', ' and', ' affection', ' common', '\n', 'Of', ' the', ' whole', ' body', '.', ' The', ' belly', ' answer', ""'d"", '--']","MENENIUS:
There was a time when all the body's members
Rebell'd against the belly, thus accused it:
That only like a gulf it did remain
I' the midst o' the body, idle and unactive,
Still cupboarding the viand, never bearing
Like labour with the rest, where the other instruments
Did see and hear, devise, instruct, walk, feel,
And, mutually participate, did minister
Unto the appetite and affection common
Of the whole body. The belly answer'd--",,91.6,3.9035087719298245
8,hf_gpt2,114,True,"[49275, 1677, 40, 2937, 25, 198, 1858, 373, 257, 640, 618, 477, 262, 1767, 338, 1866, 198, 28951, 695, 1549, 1028, 262, 19921, 11, 4145, 5371, 340, 25, 198, 2504, 691, 588, 257, 41593, 340, 750, 3520, 198, 40, 6, 262, 15925, 267, 6, 262, 1767, 11, 21696, 290, 555, 5275, 11, 198, 9590, 6508, 27794, 262, 25357, 392, 11, 1239, 14121, 198, 7594, 10515, 351, 262, 1334, 11, 810, 262, 584, 12834, 198, 11633, 766, 290, 3285, 11, 44668, 11, 5048, 11, 2513, 11, 1254, 11, 198, 1870, 11, 26519, 8277, 11, 750, 5342, 198, 35792, 78, 262, 20788, 290, 17696, 2219, 198, 5189, 262, 2187, 1767, 13, 383, 19921, 3280, 1549, 438]","['MEN', 'EN', 'I', 'US', ':', 'Ċ', 'There', 'Ġwas', 'Ġa', 'Ġtime', 'Ġwhen', 'Ġall', 'Ġthe', 'Ġbody', ""'s"", 'Ġmembers', 'Ċ', 'Reb', 'ell', ""'d"", 'Ġagainst', 'Ġthe', 'Ġbelly', ',', 'Ġthus', 'Ġaccused', 'Ġit', ':', 'Ċ', 'That', 'Ġonly', 'Ġlike', 'Ġa', 'Ġgulf', 'Ġit', 'Ġdid', 'Ġremain', 'Ċ', 'I', ""'"", 'Ġthe', 'Ġmidst', 'Ġo', ""'"", 'Ġthe', 'Ġbody', ',', 'Ġidle', 'Ġand', 'Ġun', 'active', ',', 'Ċ', 'Still', 'Ġcup', 'boarding', 'Ġthe', 'Ġvi', 'and', ',', 'Ġnever', 'Ġbearing', 'Ċ', 'Like', 'Ġlabour', 'Ġwith', 'Ġthe', 'Ġrest', ',', 'Ġwhere', 'Ġthe', 'Ġother', 'Ġinstruments', 'Ċ', 'Did', 'Ġsee', 'Ġand', 'Ġhear', ',', 'Ġdevise', ',', 'Ġinstruct', ',', 'Ġwalk', ',', 'Ġfeel', ',', 'Ċ', 'And', ',', 'Ġmutually', 'Ġparticipate', ',', 'Ġdid', 'Ġminister', 'Ċ', 'Unt', 'o', 'Ġthe', 'Ġappetite', 'Ġand', 'Ġaffection', 'Ġcommon', 'Ċ', 'Of', 'Ġthe', 'Ġwhole', 'Ġbody', '.', 'ĠThe', 'Ġbelly', 'Ġanswer', ""'d"", '--']","MENENIUS:
There was a time when all the body's members
Rebell'd against the belly, thus accused it:
That only like a gulf it did remain
I' the midst o' the body, idle and unactive,
Still cupboarding the viand, never bearing
Like labour with the rest, where the other instruments
Did see and hear, devise, instruct, walk, feel,
And, mutually participate, did minister
Unto the appetite and affection common
Of the whole body. The belly answer'd--",True,91.6,3.9035087719298245
9,character,339,True,"[19, 14, 20, 14, 20, 17, 25, 23, 7, 0, 23, 36, 44, 4, 1, 17, 1, 45, 35, 28, 39, 39, 1, 46, 32, 39, 39, 1, 50, 42, 47, 6, 1, 26, 36, 46, 35, 1, 28, 1, 38, 36, 41, 31, 1, 42, 33, 1, 45, 40, 36, 39, 32, 4, 0, 26, 35, 36, 30, 35, 1, 41, 32, 3, 32, 44, 1, 30, 28, 40, 32, 1, 33, 44, 42, 40, 1, 46, 35, 32, 1, 39, 47, 41, 34, 45, 4, 1, 29, 47, 46, 1, 32, 48, 32, 41, 1, 46, 35, 47, 45, 5, 5, 0, 15, 42, 44, 4, 1, 39, 42, 42, 38, 1, 50, 42, 47, 4, 1, 17, 1, 40, 28, 50, 1, 40, 28, 38, 32, 1, 46, 35, 32, 1, 29, 32, 39, 39, 50, 1, 45, 40, 36, 39, 32, 0, 10, 45, 1, 49, 32, 39, 39, 1, 28, 45, 1, 45, 43, 32, 28, 38, 5, 5, 36, 46, 1, 46, 28, 47, 41, 46, 36, 41, 34, 39, 50, 1, 44, 32, 43, 39, 36, 32, 31, 0, 24, 42, 1, 46, 35, 32, 1, 31, 36, 45, 30, 42, 41, 46, 32, 41, 46, 32, 31, 1, 40, 32, 40, 29, 32, 44, 45, 4, 1, 46, 35, 32, 1, 40, 47, 46, 36, 41, 42, 47, 45, 1, 43, 28, 44, 46, 45, 0, 24, 35, 28, 46, 1, 32, 41, 48, 36, 32, 31, 1, 35, 36, 45, 1, 44, 32, 30, 32, 36, 43, 46, 8, 1, 32, 48, 32, 41, 1, 45, 42, 1, 40, 42, 45, 46, 1, 33, 36, 46, 39, 50, 0, 10, 45, 1, 50, 42, 47, 1, 40, 28, 39, 36, 34, 41, 1, 42, 47, 44, 1, 45, 32, 41, 28, 46, 42, 44, 45, 1, 33, 42, 44, 1, 46, 35, 28, 46, 0, 24, 35, 32, 50, 1, 28, 44, 32, 1, 41, 42, 46, 1, 45, 47, 30, 35, 1, 28, 45, 1, 50, 42, 47, 6]","['M', 'E', 'N', 'E', 'N', 'I', 'U', 'S', ':', '\n', 'S', 'i', 'r', ',', ' ', 'I', ' ', 's', 'h', 'a', 'l', 'l', ' ', 't', 'e', 'l', 'l', ' ', 'y', 'o', 'u', '.', ' ', 'W', 'i', 't', 'h', ' ', 'a', ' ', 'k', 'i', 'n', 'd', ' ', 'o', 'f', ' ', 's', 'm', 'i', 'l', 'e', ',', '\n', 'W', 'h', 'i', 'c', 'h', ' ', 'n', 'e', ""'"", 'e', 'r', ' ', 'c', 'a', 'm', 'e', ' ', 'f', 'r', 'o', 'm', ' ', 't', 'h', 'e', ' ', 'l', 'u', 'n', 'g', 's', ',', ' ', 'b', 'u', 't', ' ', 'e', 'v', 'e', 'n', ' ', 't', 'h', 'u', 's', '-', '-', '\n', 'F', 'o', 'r', ',', ' ', 'l', 'o', 'o', 'k', ' ', 'y', 'o', 'u', ',', ' ', 'I', ' ', 'm', 'a', 'y', ' ', 'm', 'a', 'k', 'e', ' ', 't', 'h', 'e', ' ', 'b', 'e', 'l', 'l', 'y', ' ', 's', 'm', 'i', 'l', 'e', '\n', 'A', 's', ' ', 'w', 'e', 'l', 'l', ' ', 'a', 's', ' ', 's', 'p', 'e', 'a', 'k', '-', '-', 'i', 't', ' ', 't', 'a', 'u', 'n', 't', 'i', 'n', 'g', 'l', 'y', ' ', 'r', 'e', 'p', 'l', 'i', 'e', 'd', '\n', 'T', 'o', ' ', 't', 'h', 'e', ' ', 'd', 'i', 's', 'c', 'o', 'n', 't', 'e', 'n', 't', 'e', 'd', ' ', 'm', 'e', 'm', 'b', 'e', 'r', 's', ',', ' ', 't', 'h', 'e', ' ', 'm', 'u', 't', 'i', 'n', 'o', 'u', 's', ' ', 'p', 'a', 'r', 't', 's', '\n', 'T', 'h', 'a', 't', ' ', 'e', 'n', 'v', 'i', 'e', 'd', ' ', 'h', 'i', 's', ' ', 'r', 'e', 'c', 'e', 'i', 'p', 't', ';', ' ', 'e', 'v', 'e', 'n', ' ', 's', 'o', ' ', 'm', 'o', 's', 't', ' ', 'f', 'i', 't', 'l', 'y', '\n', 'A', 's', ' ', 'y', 'o', 'u', ' ', 'm', 'a', 'l', 'i', 'g', 'n', ' ', 'o', 'u', 'r', ' ', 's', 'e', 'n', 'a', 't', 'o', 'r', 's', ' ', 'f', 'o', 'r', ' ', 't', 'h', 'a', 't', '\n', 'T', 'h', 'e', 'y', ' ', 'a', 'r', 'e', ' ', 'n', 'o', 't', ' ', 's', 'u', 'c', 'h', ' ', 'a', 's', ' ', 'y', 'o', 'u', '.']","MENENIUS:
Sir, I shall tell you. With a kind of smile,
Which ne'er came from the lungs, but even thus--
For, look you, I may make the belly smile
As well as speak--it tauntingly replied
To the discontented members, the mutinous parts
That envied his receipt; even so most fitly
As you malign our senators for that
They are not such as you.",,341.9,1.0
9,tiktoken_gpt2,96,True,"[49275, 1677, 40, 2937, 25, 198, 22788, 11, 314, 2236, 1560, 345, 13, 2080, 257, 1611, 286, 8212, 11, 198, 13828, 497, 6, 263, 1625, 422, 262, 21726, 11, 475, 772, 4145, 438, 198, 1890, 11, 804, 345, 11, 314, 743, 787, 262, 19921, 8212, 198, 1722, 880, 355, 2740, 438, 270, 256, 20706, 306, 8712, 198, 2514, 262, 16141, 4714, 1866, 11, 262, 4517, 29823, 3354, 198, 2504, 17365, 798, 465, 14507, 26, 772, 523, 749, 4197, 306, 198, 1722, 345, 6428, 570, 674, 15469, 329, 326, 198, 2990, 389, 407, 884, 355, 345, 13]","['MEN', 'EN', 'I', 'US', ':', '\n', 'Sir', ',', ' I', ' shall', ' tell', ' you', '.', ' With', ' a', ' kind', ' of', ' smile', ',', '\n', 'Which', ' ne', ""'"", 'er', ' came', ' from', ' the', ' lungs', ',', ' but', ' even', ' thus', '--', '\n', 'For', ',', ' look', ' you', ',', ' I', ' may', ' make', ' the', ' belly', ' smile', '\n', 'As', ' well', ' as', ' speak', '--', 'it', ' t', 'aunting', 'ly', ' replied', '\n', 'To', ' the', ' discont', 'ented', ' members', ',', ' the', ' mut', 'inous', ' parts', '\n', 'That', ' env', 'ied', ' his', ' receipt', ';', ' even', ' so', ' most', ' fit', 'ly', '\n', 'As', ' you', ' mal', 'ign', ' our', ' senators', ' for', ' that', '\n', 'They', ' are', ' not', ' such', ' as', ' you', '.']","MENENIUS:
Sir, I shall tell you. With a kind of smile,
Which ne'er came from the lungs, but even thus--
For, look you, I may make the belly smile
As well as speak--it tauntingly replied
To the discontented members, the mutinous parts
That envied his receipt; even so most fitly
As you malign our senators for that
They are not such as you.",,91.6,3.53125
9,hf_gpt2,96,True,"[49275, 1677, 40, 2937, 25, 198, 22788, 11, 314, 2236, 1560, 345, 13, 2080, 257, 1611, 286, 8212, 11, 198, 13828, 497, 6, 263, 1625, 422, 262, 21726, 11, 475, 772, 4145, 438, 198, 1890, 11, 804, 345, 11, 314, 743, 787, 262, 19921, 8212, 198, 1722, 880, 355, 2740, 438, 270, 256, 20706, 306, 8712, 198, 2514, 262, 16141, 4714, 1866, 11, 262, 4517, 29823, 3354, 198, 2504, 17365, 798, 465, 14507, 26, 772, 523, 749, 4197, 306, 198, 1722, 345, 6428, 570, 674, 15469, 329, 326, 198, 2990, 389, 407, 884, 355, 345, 13]","['MEN', 'EN', 'I', 'US', ':', 'Ċ', 'Sir', ',', 'ĠI', 'Ġshall', 'Ġtell', 'Ġyou', '.', 'ĠWith', 'Ġa', 'Ġkind', 'Ġof', 'Ġsmile', ',', 'Ċ', 'Which', 'Ġne', ""'"", 'er', 'Ġcame', 'Ġfrom', 'Ġthe', 'Ġlungs', ',', 'Ġbut', 'Ġeven', 'Ġthus', '--', 'Ċ', 'For', ',', 'Ġlook', 'Ġyou', ',', 'ĠI', 'Ġmay', 'Ġmake', 'Ġthe', 'Ġbelly', 'Ġsmile', 'Ċ', 'As', 'Ġwell', 'Ġas', 'Ġspeak', '--', 'it', 'Ġt', 'aunting', 'ly', 'Ġreplied', 'Ċ', 'To', 'Ġthe', 'Ġdiscont', 'ented', 'Ġmembers', ',', 'Ġthe', 'Ġmut', 'inous', 'Ġparts', 'Ċ', 'That', 'Ġenv', 'ied', 'Ġhis', 'Ġreceipt', ';', 'Ġeven', 'Ġso', 'Ġmost', 'Ġfit', 'ly', 'Ċ', 'As', 'Ġyou', 'Ġmal', 'ign', 'Ġour', 'Ġsenators', 'Ġfor', 'Ġthat', 'Ċ', 'They', 'Ġare', 'Ġnot', 'Ġsuch', 'Ġas', 'Ġyou', '.']","MENENIUS:
Sir, I shall tell you. With a kind of smile,
Which ne'er came from the lungs, but even thus--
For, look you, I may make the belly smile
As well as speak--it tauntingly replied
To the discontented members, the mutinous parts
That envied his receipt; even so most fitly
As you malign our senators for that
They are not such as you.",True,91.6,3.53125
10,character,244,True,"[15, 36, 44, 45, 46, 1, 12, 36, 46, 36, 51, 32, 41, 7, 0, 27, 42, 47, 44, 1, 29, 32, 39, 39, 50, 3, 45, 1, 28, 41, 45, 49, 32, 44, 9, 1, 26, 35, 28, 46, 2, 0, 24, 35, 32, 1, 38, 36, 41, 34, 39, 50, 5, 30, 44, 42, 49, 41, 32, 31, 1, 35, 32, 28, 31, 4, 1, 46, 35, 32, 1, 48, 36, 34, 36, 39, 28, 41, 46, 1, 32, 50, 32, 4, 0, 24, 35, 32, 1, 30, 42, 47, 41, 45, 32, 39, 39, 42, 44, 1, 35, 32, 28, 44, 46, 4, 1, 46, 35, 32, 1, 28, 44, 40, 1, 42, 47, 44, 1, 45, 42, 39, 31, 36, 32, 44, 4, 0, 21, 47, 44, 1, 45, 46, 32, 32, 31, 1, 46, 35, 32, 1, 39, 32, 34, 4, 1, 46, 35, 32, 1, 46, 42, 41, 34, 47, 32, 1, 42, 47, 44, 1, 46, 44, 47, 40, 43, 32, 46, 32, 44, 6, 0, 26, 36, 46, 35, 1, 42, 46, 35, 32, 44, 1, 40, 47, 41, 36, 40, 32, 41, 46, 45, 1, 28, 41, 31, 1, 43, 32, 46, 46, 50, 1, 35, 32, 39, 43, 45, 0, 17, 41, 1, 46, 35, 36, 45, 1, 42, 47, 44, 1, 33, 28, 29, 44, 36, 30, 4, 1, 36, 33, 1, 46, 35, 28, 46, 1, 46, 35, 32, 50, 5, 5]","['F', 'i', 'r', 's', 't', ' ', 'C', 'i', 't', 'i', 'z', 'e', 'n', ':', '\n', 'Y', 'o', 'u', 'r', ' ', 'b', 'e', 'l', 'l', 'y', ""'"", 's', ' ', 'a', 'n', 's', 'w', 'e', 'r', '?', ' ', 'W', 'h', 'a', 't', '!', '\n', 'T', 'h', 'e', ' ', 'k', 'i', 'n', 'g', 'l', 'y', '-', 'c', 'r', 'o', 'w', 'n', 'e', 'd', ' ', 'h', 'e', 'a', 'd', ',', ' ', 't', 'h', 'e', ' ', 'v', 'i', 'g', 'i', 'l', 'a', 'n', 't', ' ', 'e', 'y', 'e', ',', '\n', 'T', 'h', 'e', ' ', 'c', 'o', 'u', 'n', 's', 'e', 'l', 'l', 'o', 'r', ' ', 'h', 'e', 'a', 'r', 't', ',', ' ', 't', 'h', 'e', ' ', 'a', 'r', 'm', ' ', 'o', 'u', 'r', ' ', 's', 'o', 'l', 'd', 'i', 'e', 'r', ',', '\n', 'O', 'u', 'r', ' ', 's', 't', 'e', 'e', 'd', ' ', 't', 'h', 'e', ' ', 'l', 'e', 'g', ',', ' ', 't', 'h', 'e', ' ', 't', 'o', 'n', 'g', 'u', 'e', ' ', 'o', 'u', 'r', ' ', 't', 'r', 'u', 'm', 'p', 'e', 't', 'e', 'r', '.', '\n', 'W', 'i', 't', 'h', ' ', 'o', 't', 'h', 'e', 'r', ' ', 'm', 'u', 'n', 'i', 'm', 'e', 'n', 't', 's', ' ', 'a', 'n', 'd', ' ', 'p', 'e', 't', 't', 'y', ' ', 'h', 'e', 'l', 'p', 's', '\n', 'I', 'n', ' ', 't', 'h', 'i', 's', ' ', 'o', 'u', 'r', ' ', 'f', 'a', 'b', 'r', 'i', 'c', ',', ' ', 'i', 'f', ' ', 't', 'h', 'a', 't', ' ', 't', 'h', 'e', 'y', '-', '-']","First Citizen:
Your belly's answer? What!
The kingly-crowned head, the vigilant eye,
The counsellor heart, the arm our soldier,
Our steed the leg, the tongue our trumpeter.
With other muniments and petty helps
In this our fabric, if that they--",,341.9,1.0
10,tiktoken_gpt2,68,True,"[5962, 22307, 25, 198, 7120, 19921, 338, 3280, 30, 1867, 0, 198, 464, 479, 4420, 12, 66, 2053, 276, 1182, 11, 262, 30257, 4151, 11, 198, 464, 2289, 7255, 273, 2612, 11, 262, 3211, 674, 10686, 11, 198, 5122, 336, 2308, 262, 1232, 11, 262, 11880, 674, 19997, 2357, 13, 198, 3152, 584, 29856, 6800, 290, 25229, 5419, 198, 818, 428, 674, 9664, 11, 611, 326, 484, 438]","['First', ' Citizen', ':', '\n', 'Your', ' belly', ""'s"", ' answer', '?', ' What', '!', '\n', 'The', ' k', 'ingly', '-', 'c', 'rown', 'ed', ' head', ',', ' the', ' vigilant', ' eye', ',', '\n', 'The', ' coun', 'sell', 'or', ' heart', ',', ' the', ' arm', ' our', ' soldier', ',', '\n', 'Our', ' st', 'eed', ' the', ' leg', ',', ' the', ' tongue', ' our', ' trump', 'eter', '.', '\n', 'With', ' other', ' mun', 'iments', ' and', ' petty', ' helps', '\n', 'In', ' this', ' our', ' fabric', ',', ' if', ' that', ' they', '--']","First Citizen:
Your belly's answer? What!
The kingly-crowned head, the vigilant eye,
The counsellor heart, the arm our soldier,
Our steed the leg, the tongue our trumpeter.
With other muniments and petty helps
In this our fabric, if that they--",,91.6,3.588235294117647
10,hf_gpt2,68,True,"[5962, 22307, 25, 198, 7120, 19921, 338, 3280, 30, 1867, 0, 198, 464, 479, 4420, 12, 66, 2053, 276, 1182, 11, 262, 30257, 4151, 11, 198, 464, 2289, 7255, 273, 2612, 11, 262, 3211, 674, 10686, 11, 198, 5122, 336, 2308, 262, 1232, 11, 262, 11880, 674, 19997, 2357, 13, 198, 3152, 584, 29856, 6800, 290, 25229, 5419, 198, 818, 428, 674, 9664, 11, 611, 326, 484, 438]","['First', 'ĠCitizen', ':', 'Ċ', 'Your', 'Ġbelly', ""'s"", 'Ġanswer', '?', 'ĠWhat', '!', 'Ċ', 'The', 'Ġk', 'ingly', '-', 'c', 'rown', 'ed', 'Ġhead', ',', 'Ġthe', 'Ġvigilant', 'Ġeye', ',', 'Ċ', 'The', 'Ġcoun', 'sell', 'or', 'Ġheart', ',', 'Ġthe', 'Ġarm', 'Ġour', 'Ġsoldier', ',', 'Ċ', 'Our', 'Ġst', 'eed', 'Ġthe', 'Ġleg', ',', 'Ġthe', 'Ġtongue', 'Ġour', 'Ġtrump', 'eter', '.', 'Ċ', 'With', 'Ġother', 'Ġmun', 'iments', 'Ġand', 'Ġpetty', 'Ġhelps', 'Ċ', 'In', 'Ġthis', 'Ġour', 'Ġfabric', ',', 'Ġif', 'Ġthat', 'Ġthey', '--']","First Citizen:
Your belly's answer? What!
The kingly-crowned head, the vigilant eye,
The counsellor heart, the arm our soldier,
Our steed the leg, the tongue our trumpeter.
With other muniments and petty helps
In this our fabric, if that they--",True,91.6,3.588235294117647
